Materiale;Nuovo Testo breve materiale;;Nuovo Testo breve materiale EN;
5000000629-00;CUSCINETTO RADIALE SFERA 629;28;DEEP GROOVE B-BEARING 629;25
5000000630-00;CUSCINETTO RADIALE SFERA 630/8-2RSRY;36;DEEP GROOVE B-BEARING 630/8-2RSRY;33
5000001214-00;CUSCINETTO ORIENT. SFERA 1214 ETN9;34;SELF-ALIGNING B-BEARING 1214 ETN9;33
5000002204-00;CUSCINETTO ORIENT. SFERA 2204 E-2RS1TN9;39;SELF-ALIGNING B-BEARING 2204 E-2RS1TN9;38
5000003201-00;CUSCINETTO OBLIQUO 2C SFERA 3201 ATN9;37;2ROW ANG. CONT. B-BEARING 3201 ATN9;35
5000003204-00;CUSCINETTO OBLIQUO 2C SFERA 3204 ATN9;37;2ROW ANG. CONT. B-BEARING 3204 ATN9;35
5000003205-00;CUSCINETTO OBLIQUO 2C SFERA 3205 ATN9;37;2ROW ANG. CONT. B-BEARING 3205 ATN9;35
5000003206-00;CUSCINETTO OBLIQUO 2C SFERA 3206 ATN9;37;2ROW ANG. CONT. B-BEARING 3206 ATN9;35
5000003207-00;CUSCINETTO OBLIQUO 2C SFERA 3207 ATN9;37;2ROW ANG. CONT. B-BEARING 3207 ATN9;35
5000003212-00;CUSCINETTO OBLIQUO 2C SFERA 3212 ATN9;37;2ROW ANG. CONT. B-BEARING 3212 ATN9;35
5000003304-00;CUSCINETTO OBLIQUO 2C SFERA 3304 ATN9;37;2ROW ANG. CONT. B-BEARING 3304 ATN9;35
5000003305-00;CUSCINETTO OBLIQUO 2C SFERA 3305 ATN9;37;2ROW ANG. CONT. B-BEARING 3305 ATN9;35
5000003307-00;CUSCINETTO OBLIQUO 2C SFERA 3307 ATN9;37;2ROW ANG. CONT. B-BEARING 3307 ATN9;35
5000003308-00;CUSCINETTO OBLIQUO 2C SFERA 3308 ATN9;37;2ROW ANG. CONT. B-BEARING 3308 ATN9;35
5000003309-00;CUSCINETTO OBLIQUO 2C SFERA 3309 ATN9;37;2ROW ANG. CONT. B-BEARING 3309 ATN9;35
5000004200-00;CUSCINETTO RADIALE 2C SFERA 4200 ATN9;37;2ROW DEEP GROOVE B-BEARING 4200 ATN9;36
5000004204-00;CUSCINETTO RADIALE 2C SFERA 4204 ATN9;37;2ROW DEEP GROOVE B-BEARING 4204 ATN9;36
5000004902-00;CUSCINETTO RULLINI RNA 4902;27;NEEDLE ROLLER BEARING RNA 4902;30
5000006001-00;CUSCINETTO RADIALE SFERA 6001;29;DEEP GROOVE B-BEARING 6001;26
5000006002-00;CUSCINETTO RADIALE SFERA 6002;29;DEEP GROOVE B-BEARING 6002;26
5000006004-00;CUSCINETTO RADIALE SFERA 6004;29;DEEP GROOVE B-BEARING 6004;26
5000006005-00;CUSCINETTO RADIALE SFERA 6005;29;DEEP GROOVE B-BEARING 6005;26
5000006008-00;CUSCINETTO RADIALE SFERA 6008;29;DEEP GROOVE B-BEARING 6008;26
5000006015-00;CUSCINETTO RADIALE SFERA 6015;29;DEEP GROOVE B-BEARING 6015;26
5000006200-00;CUSCINETTO RADIALE SFERA 6200;29;DEEP GROOVE B-BEARING 6200;26
5000006201-00;CUSCINETTO RADIALE SFERA 6201;29;DEEP GROOVE B-BEARING 6201;26
5000006203-00;CUSCINETTO RADIALE SFERA 6203;29;DEEP GROOVE B-BEARING 6203;26
5000006204-00;CUSCINETTO RADIALE SFERA 6204;29;DEEP GROOVE B-BEARING 6204;26
5000006205-00;CUSCINETTO RADIALE SFERA 6205;29;DEEP GROOVE B-BEARING 6205;26
5000006206-00;CUSCINETTO RADIALE SFERA 6206;29;DEEP GROOVE B-BEARING 6206;26
5000006207-00;CUSCINETTO RADIALE SFERA 6207;29;DEEP GROOVE B-BEARING 6207;26
5000006208-00;CUSCINETTO RADIALE SFERA 6208;29;DEEP GROOVE B-BEARING 6208;26
5000006216-00;CUSCINETTO RADIALE SFERA 6216;29;DEEP GROOVE B-BEARING 6216;26
5000006228-00;CUSCINETTO RADIALE SFERA 6228;29;DEEP GROOVE B-BEARING 6228;26
5000006303-00;CUSCINETTO RADIALE SFERA 6303;29;DEEP GROOVE B-BEARING 6303;26
5000006304-00;CUSCINETTO RADIALE SFERA 6304;29;DEEP GROOVE B-BEARING 6304;26
5000006305-00;CUSCINETTO RADIALE SFERA 6305-2RZ;33;DEEP GROOVE B-BEARING 6305-2RZ;30
5000006307-00;CUSCINETTO RADIALE SFERA 6307;29;DEEP GROOVE B-BEARING 6307;26
5000006908-00;CUSCINETTO RADIALE SFERA 61908;30;DEEP GROOVE B-BEARING 61908;27
5000007010-00;CUSCINETTO OBLIQUO SFERA 7010 ACD/P4ADBA;40;ANG. CONT. B-BEARING 7010 ACD/P4ADBA;36
5000007011-00;CUSCINETTO OBLIQUO SFERA 7011 ACD/P4A;37;ANG. CONT. B-BEARING 7011 ACD/P4A;33
5000007013-00;CUSCINETTO OBLIQUO SFERA 7013 CD/P4ADGA;39;ANG. CONT. B-BEARING 7013 CD/P4ADGA;35
5000007014-00;CUSCINETTO OBLIQUO SFERA S7014 ACDGA/P4A;40;ANG. CONT. B-BEARING S7014 ACDGA/P4A;36
5000007015-00;CUSCINETTO OBLIQUO SFERA S7015 ACDGA/P4A;40;ANG. CONT. B-BEARING S7015 ACDGA/P4A;36
5000007201-00;CUSCINETTO OBLIQUO SFERA 7201 BEP;33;ANG. CONT. B-BEARING 7201 BEP;29
5000007204-00;CUSCINETTO OBLIQUO SFERA 7204 BEP;33;ANG. CONT. B-BEARING 7204 BEP;29
5000007209-00;CUSCINETTO OBLIQUO SFERA S7209 ACDGA/P4A;40;ANG. CONT. B-BEARING S7209 ACDGA/P4A;36
5000007213-00;CUSCINETTO OBLIQUO SFERA 7213 ACDGA/P4A;39;ANG. CONT. B-BEARING 7213 ACDGA/P4A;35
5000011207-00;CUSCINETTO 11207;16;BEARING 11207;13
5000013204-00;CUSCINETTO OBLIQUO SFERA 3204 ATN9/C2;37;ANG. CONT. B-BEARING 3204 ATN9/C2;33
5000013205-00;CUSCINETTO OBLIQUO SFERA 3205 ATN9/C2;37;ANG. CONT. B-BEARING 3205 ATN9/C2;33
5000016004-00;CUSCINETTO RADIALE SFERA 16004;30;DEEP GROOVE B-BEARING 16004;27
5000016007-00;CUSCINETTO RADIALE SFERA 16007;30;DEEP GROOVE B-BEARING 16007;27
5000017014-00;CUSCINETTO OBLIQ. SFERA S7014 ACDGA/P4A;39;ANG. CONT. B-BEARING S7014 ACDGA/P4A;36
5000022211-00;ANELLO DI ARRESTO FRB 10/120;28;RETAINING RING FRB 10/120;25
5000022212-00;BUSSOLA DI TRAZIONE H 313;25;ADAPTER SLEEVE H 313;20
5000022213-00;CUSCINETTO ORIENT. RULLI 22213 EK;33;SPHERICAL ROLLER BEARING 22213 EK;33
5000022214-00;TENUTA CON FELTRO TSNA 513 C;28;FELT SEAL TSNA 513 C;20
5000022216-00;CUSCINETTO ORIENT. RULLI 22216 E;32;SPHERICAL ROLLER BEARING 22216 E;32
5000022217-00;ANELLO DI ARRESTO FRB 12,5/140;30;RETAINING RING FRB 12,5/140;27
5000022218-00;TENUTA A LABBRO DH 216;22;LIP SEAL DH 216;15
5000022219-00;TENUTA A LABBRO TSN 516 4;25;LIP SEAL TSN 516 4;18
5000022220-00;CUSCINETTO ORIENT. RULLI 22216 EK ;34;SPHERICAL ROLLER BEARING 22216 EK ;34
5000022221-00;BUSSOLA DI TRAZIONE H 316;25;ADAPTER SLEEVE H 316;20
5000022222-00;BUSSOLA DI TRAZIONE H 2318;26;ADAPTER SLEEVE H 2318;21
5000022223-00;TENUTA CON FELTRO TSNA 518 C;28;FELT SEAL TSNA 518 C;20
5000022224-00;ANELLO DI ARRESTO FRB 6,25/160;30;RETAINING RING FRB 6,25/160;27
5000023205-00;CUSCINETTO OBLIQUO SFERA 3205-2RS INOX;38;ANG. CONT. B-BEARING 3205-2RS INOX;34
5000023218-00;CUSCINETTO ORIENT. RULLI 23218 CCK/W33;38;SPHERICAL ROLLER BEARING 23218 CCK/W33;38
5000024204-00;CUSCINETTO OBLIQUO SFERA 4204-2RS INOX;38;ANG. CONT. B-BEARING 4204-2RS INOX;34
5000030205-00;CUSCINETTO RULLI CONICI 30205 J2/Q;34;TAPERED ROLLER BEARING 30205 J2/Q;33
5000031305-00;CUSCINETTO RULLI CONICI 31305/DF;32;TAPERED ROLLER BEARING 31305/DF;31
5000032004-00;CUSCINETTO RULLI CONICI 32004 X/Q;33;TAPERED ROLLER BEARING 32004 X/Q;32
5000032005-00;CUSCINETTO RULLI CONICI 32005 X/Q;33;TAPERED ROLLER BEARING 32005 X/Q;32
5000032006-00;CUSCINETTO RULLI CONICI 32006 X/Q;33;TAPERED ROLLER BEARING 32006 X/Q;32
5000032007-00;CUSCINETTO RULLI CONICI 32007 X/Q;33;TAPERED ROLLER BEARING 32007 X/Q;32
5000032008-00;CUSCINETTO RULLI CONICI 32008 X/Q;33;TAPERED ROLLER BEARING 32008 X/Q;32
5000032009-00;CUSCINETTO RULLI CONICI 32009 X/Q;33;TAPERED ROLLER BEARING 32009 X/Q;32
5000032014-00;CUSCINETTO RULLI CONICI 32014 X/Q;33;TAPERED ROLLER BEARING 32014 X/Q;32
5000032020-00;CUSCINETTO RULLI CONICI 32020 X/Q;33;TAPERED ROLLER BEARING 32020 X/Q;32
5000032032-00;CUSCINETTO RULLI CONICI 320/32 X/Q;34;TAPERED ROLLER BEARING 320/32 X/Q;33
5000032928-00;CUSCINETTO RULLI CONICI 32928;29;TAPERED ROLLER BEARING 32928;28
5000032934-00;CUSCINETTO RULLI CONICI 32934;29;TAPERED ROLLER BEARING 32934;28
5000033016-00;CUSCINETTO RULLI CONICI 33016;29;TAPERED ROLLER BEARING 33016;28
5000033020-00;CUSCINETTO RULLI CONICI 33020;29;TAPERED ROLLER BEARING 33020;28
5000033108-00;CUSCINETTO RULLI CONICI 33108;29;TAPERED ROLLER BEARING 33108;28
5000051100-00;CUSCINETTO ASSIALE SFERA 51100;30;THRUST BALL BEARING 51100;25
5000051102-00;CUSCINETTO ASSIALE SFERA 51102;30;THRUST BALL BEARING 51102;25
5000051103-00;CUSCINETTO ASSIALE SFERA 51103;30;THRUST BALL BEARING 51103;25
5000051104-00;CUSCINETTO ASSIALE SFERA 51104;30;THRUST BALL BEARING 51104;25
5000051105-00;CUSCINETTO ASSIALE SFERA 51105;30;THRUST BALL BEARING 51105;25
5000051106-00;CUSCINETTO ASSIALE SFERA 51106;30;THRUST BALL BEARING 51106;25
5000051108-00;CUSCINETTO ASSIALE SFERA 51108;30;THRUST BALL BEARING 51108;25
5000051111-00;CUSCINETTO ASSIALE SFERA 51111;30;THRUST BALL BEARING 51111;25
5000051112-00;CUSCINETTO ASSIALE SFERA 51112;30;THRUST BALL BEARING 51112;25
5000051120-00;CUSCINETTO ASSIALE SFERA 51120;30;THRUST BALL BEARING 51120;25
5000051122-00;CUSCINETTO ASSIALE SFERA 51122;30;THRUST BALL BEARING 51122;25
5000051124-00;CUSCINETTO ASSIALE SFERA 51124;30;THRUST BALL BEARING 51124;25
5000051130-00;CUSCINETTO ASSIALE SFERA 51130;30;THRUST BALL BEARING 51130;25
5000051144-00;CUSCINETTO ASSIALE SFERA 51144;30;THRUST BALL BEARING 51144;25
5000051200-00;CUSCINETTO ASSIALE SFERA 51200;30;THRUST BALL BEARING 51200;25
5000051204-00;CUSCINETTO ASSIALE SFERA 51204;30;THRUST BALL BEARING 51204;25
5000051205-00;CUSCINETTO ASSIALE SFERA 51205;30;THRUST BALL BEARING 51205;25
5000051305-00;CUSCINETTO ASSIALE SFERA 51305;30;THRUST BALL BEARING 51305;25
5000051405-00;CUSCINETTO ASSIALE SFERA 51405;30;THRUST BALL BEARING 51405;25
5000052202-00;CUSCINETTO ASSIALE SFERA 52202;30;THRUST BALL BEARING 52202;25
5000052204-00;CUSCINETTO ASSIALE SFERA 52204;30;THRUST BALL BEARING 52204;25
5000061800-00;CUSCINETTO RADIALE SFERA 61800;30;DEEP GROOVE B-BEARING 61800;27
5000061802-00;CUSCINETTO RADIALE SFERA 61802-2RS1;35;DEEP GROOVE B-BEARING 61802-2RS1;32
5000061804-00;CUSCINETTO RADIALE SFERA 61804;30;DEEP GROOVE B-BEARING 61804;27
5000061811-00;CUSCINETTO RADIALE SFERA 61811;30;DEEP GROOVE B-BEARING 61811;27
5000061812-00;CUSCINETTO RADIALE SFERA 61812-2RS1;35;DEEP GROOVE B-BEARING 61812-2RS1;32
5000061814-00;CUSCINETTO RADIALE SFERA 61814-2RS1;35;DEEP GROOVE B-BEARING 61814-2RS1;32
5000061816-00;CUSCINETTO RADIALE SFERA 61816-2RS1;35;DEEP GROOVE B-BEARING 61816-2RS1;32
5000061818-00;CUSCINETTO RADIALE SFERA 61818-2RS1;35;DEEP GROOVE B-BEARING 61818-2RS1;32
5000061856-00;CUSCINETTO RADIALE SFERA 61856;30;DEEP GROOVE B-BEARING 61856;27
5000061900-00;CUSCINETTO RADIALE SFERA 61900-2RS1;35;DEEP GROOVE B-BEARING 61900-2RS1;32
5000061902-00;CUSCINETTO RADIALE SFERA 61902-2RS1;35;DEEP GROOVE B-BEARING 61902-2RS1;32
5000061904-00;CUSCINETTO RADIALE SFERA 61904-2RS1;35;DEEP GROOVE B-BEARING 61904-2RS1;32
5000061905-00;CUSCINETTO RADIALE SFERA 61905-2RS1;35;DEEP GROOVE B-BEARING 61905-2RS1;32
5000061906-00;CUSCINETTO RADIALE SFERA 61906-2RS1;35;DEEP GROOVE B-BEARING 61906-2RS1;32
5000061907-00;CUSCINETTO RADIALE SFERA 61907-2RS1;35;DEEP GROOVE B-BEARING 61907-2RS1;32
5000061908-00;CUSCINETTO RADIALE SFERA 61908;30;DEEP GROOVE B-BEARING 61908;27
5000061916-00;CUSCINETTO RADIALE SFERA 61916-2RS1;35;DEEP GROOVE B-BEARING 61916-2RS1;32
5000061928-00;CUSCINETTO RADIALE SFERA 61928 MA;33;DEEP GROOVE B-BEARING 61928 MA;30
5000071914-00;CUSCINETTO OBLIQ. SFERA 71914 ACD/P4ADBA;40;ANG. CONT. B-BEARING 71914 ACD/P4ADBA;37
5000072130-00;CUSCINETTO OBLIQUO SFERA 7213 ACDGA/P4A;39;ANG. CONT. B-BEARING 7213 ACDGA/P4A;35
5000161905-00;CUSCINETTO RADIALE SFERA 61905;30;DEEP GROOVE B-BEARING 61905;27
5000171914-00;CUSCINETTO OBLIQ. SFERA S71914 ACDGA/P4A;40;ANG. CONT. B-BEARING S71914 ACDGA/P4A;37
5000234410-00;CUSCINETTO ASSIALE OBL. 234410 BM1/SP;37;ANG.CONT.THR. B-BEARING 234410 BM1/SP;37
5001051103-00;SOSTIT. DA 5000051103-00;24;REPLACED 5000051103-00;22
5001061800-00;CUSCINETTO RADIALE SFERA 61800-2RS1;35;DEEP GROOVE B-BEARING 61800-2RS1;32
5001061830-00;CUSCINETTO RADIALE SFERA 61830;30;DEEP GROOVE B-BEARING 61830;27
5001061852-00;CUSCINETTO RADIALE SFERA 61852 MA;33;DEEP GROOVE B-BEARING 61852 MA;30
5001061908-00;CUSCINETTO RADIALE SFERA 61908-2RS1;35;DEEP GROOVE B-BEARING 61908-2RS1;32
5001062210-00;CUSCINETTO RADIALE SFERA 62210-2RS1;35;DEEP GROOVE B-BEARING 62210-2RS1;32
5002000003-00;GHIERA DI BLOCCAGGIO KMT 3 M17x1;32;PRECISION LOCKNUT KMT 3 M17x1;29
5002000004-00;GHIERA DI BLOCCAGGIO KMT 4 M20x1;32;PRECISION LOCKNUT KMT 4 M20x1;29
5002000005-00;GHIERA DI BLOCCAGGIO KMT 5 M25x1,5;34;PRECISION LOCKNUT KMT 5 M25x1,5;31
5002000006-00;GHIERA DI BLOCCAGGIO KMT 6 30x1,5;33;PRECISION LOCKNUT KMT 6 30x1,5;30
5002000007-00;GHIERA DI BLOCCAGGIO KMT 7 M35x1,5;34;PRECISION LOCKNUT KMT 7 M35x1,5;31
5002000009-00;GHIERA DI BLOCCAGGIO INA KMT 9 M45x1,5;38;PRECISION LOCKNUT INA KMT 9 M45x1,5;35
5002000012-00;GHIERA DI BLOCCAGGIO INA ZM12 M12x1;35;PRECISION LOCKNUT INA ZM12 M12x1;32
5002000015-00;GHIERA DI BLOCCAGGIO INA ZM15 M15x1;35;PRECISION LOCKNUT INA ZM15 M15x1;32
5002000017-00;GHIERA DI BLOCCAGGIO INA ZM17 M17x1;35;PRECISION LOCKNUT INA ZM17 M17x1;32
5002000020-00;GHIERA DI BLOCCAGGIO INA ZM20 20x1;34;PRECISION LOCKNUT INA ZM20 20x1;31
5002000025-00;GHIERA DI BLOCCAGGIO INA ZM25 25x1,5;36;PRECISION LOCKNUT INA ZM25 25x1,5;33
5002000030-00;GHIERA DI BLOCCAGGIO INA ZM30 30x1,5;36;PRECISION LOCKNUT INA ZM30 30x1,5;33
5002000040-00;CALETTATORE VK 550 40x50;24;LOCKING VK 550 40x50;20
5002000041-00;GHIERA DI BLOCCAGGIO INA ZM40 40x1,5;36;PRECISION LOCKNUT INA ZM40 40x1,5;33
5002000050-00;GHIERA DI BLOCCAGGIO INA ZM50 50x1,5;36;PRECISION LOCKNUT INA ZM50 50x1,5;33
5002000055-00;GHIERA DI BLOCCAGGIO INA ZM55 55x2;34;PRECISION LOCKNUT INA ZM55 55x2;31
5002000070-00;GHIERA DI BLOCCAGGIO INA ZM70 70x2;34;PRECISION LOCKNUT INA ZM70 70x2;31
5002000090-00;GHIERA DI BLOCCAGGIO INA ZM90 90x2;34;PRECISION LOCKNUT INA ZM90 90x2;31
5002000110-00;GHIERA DI BLOCCAGGIO INA ZM110 110x2;36;PRECISION LOCKNUT INA ZM110 110x2;33
5002001650-00;GHIERA DI PRECISIONE LRE16 A2K M50x1,5;38;PRECISION LOCKNUT LRE16 A2K M50x1,5;35
5002007002-00;CUSCINETTO OBLIQ. SFERA 7002 CDGA/P4ADGA;40;ANG. CONT. B-BEARING 7002 CDGA/P4ADGA;37
5002007010-00;CUSCINETTO OBLIQUO SFERA 7010 CD/P4ADGA;39;ANG. CONT. B-BEARING 7010 CD/P4ADGA;35
5002007204-00;CUSCINETTO OBLIQUO SFERA 7204 CD/P4ADGA;39;ANG. CONT. B-BEARING 7204 CD/P4ADGA;35
5002007210-00;CUSCINETTO OBLIQUO SFERA 7210 BE-2RZP;37;ANG. CONT. B-BEARING 7210 BE-2RZP;33
5002007215-00;CUSCINETTO OBLIQUO SFERA 7215 BEP ;34;ANG. CONT. B-BEARING 7215 BEP ;30
5002007216-00;CUSCINETTO OBLIQUO SFERA 7216 BEP ;34;ANG. CONT. B-BEARING 7216 BEP ;30
5002007305-00;CUSCINETTO OBLIQUO SFERA 7305 BECBP ;36;ANG. CONT. B-BEARING 7305 BECBP ;32
5002007919-00;CUSCINETTO (COPPIA) 7919 TAUEP RHP;34;BEARING (COUPLE) 7919 TAUEP RHP;31
5002007948-00;CUSCINETTO (SINGOLO) 7948B X3TAUEP5;35;BEARING 7948B X3TAUEP5;22
5002020150-00;GHIERA DI PRECISIONE HIR M20x1,5;32;PRECISION LOCKNUT HIR M20x1,5;29
5002100035-00;ANELLO DI BLOCCAGGIO C-AB 35;28;RETAINING RING C-AB 35;22
5003051107-00;CUSCINETTO ASSIALE SFERA 51107;30;THRUST BALL BEARING 51107;25
5004000010-00;CUSCINETTO OBLIQUO SFERA 7000 ACD/P4ADBC;40;ANG. CONT. B-BEARING 7000 ACD/P4ADBC;36
5004000012-00;CUSCINETTO OBLIQUO SFERA 7001 ACD/P4ADBC;40;ANG. CONT. B-BEARING 7001 ACD/P4ADBC;36
5004000013-00;CUSCINETTO SEZ. SOTTILE FRANKE LSA8-17;38;SLIM BEARING FRANKE LSA8-17;27
5004000201-00;CUSCINETTO ASSIALE OBL. BSA 201 CGA;35;ANG.CONT.THR. B-BEARING BSA 201 CGA;35
5004000202-00;CUSCINETTO ASSIALE OBL. BSA 202 CGA-2RZ;39;ANG.CONT.THR. B-BEARING BSA 202 CGA-2RZ;39
5004000205-00;CUSCINETTO ASSIALE OBL. BSA 205 CGA;35;ANG.CONT.THR. B-BEARING BSA 205 CGA;35
5004000215-00;CUSCINETTO ASSIALE OBL. BSA 202 CGA/DBA;39;ANG.CONT.THR. B-BEARING BSA 202 CGA/DBA;39
5004000216-00;CUSCINETTO OBLIQ. BSA 202 CGA-2RZ/QBCA;38;ANG.CONT.THR. B-BRG BSA 202 CGA-2RZ/QBCA;40
5004000220-00;CUSCINETTO ASSIALE OBL. BSA 204 CGA/DBA;39;ANG.CONT.THR. B-BEARING BSA 204 CGA/DBA;39
5004000240-00;CUSCINETTO ASSIALE OBL. BSA 208 CGA/DBA;39;ANG.CONT.THR. B-BEARING BSA 208 CGA/DBA;39
5004000245-00;CUSCINETTO ASSIALE OBL. BSA 209 CGA/DBA;39;ANG.CONT.THR. B-BEARING BSA 209 CGA/DBA;39
5004001563-00;CUSCINETTO ASSIALE OBL. ZKLFA1563-2RS;37;ANG.CONT.THR. B-BEARING ZKLFA1563-2RS;37
5004002051-00;CUSCINETTO ASSIALE OBL. ZKLN2052-2RS;36;ANG.CONT.THR. B-BEARING ZKLN2052-2RS;36
5004002052-00;CUSCINETTO ASSIALE OBL. ZKLN2052-2RS-2AP;40;ANG.CONT.THR. B-BEARING ZKLN2052-2RS-2AP;40
5004002557-00;CUSCINETTO ASSIALE OBL. ZKLN2557-2RS-PE;39;ANG.CONT.THR. B-BEARING ZKLN2557-2RS-PE;39
5004003062-00;CUSCINETTO ASSIALE OBL. ZKLN3062-2RS-PE;39;ANG.CONT.THR. B-BEARING ZKLN3062-2RS-PE;39
5004004075-00;CUSCINETTO ASSIALE OBL. ZKLN4075-2RS-2AP;40;ANG.CONT.THR. B-BEARING ZKLN4075-2RS-2AP;40
5004005090-00;CUSCINETTO ASSIALE OBL. ZKLN5090-2RS-2AP;40;ANG.CONT.THR. B-BEARING ZKLN5090-2RS-2AP;40
5004007004-00;CUSCINETTO OBLIQUO SFERA 7004 CD/P4ADGA;39;ANG. CONT. B-BEARING 7004 CD/P4ADGA;35
5004007005-00;CUSCINETTO OBLIQUO SFERA 7005 CD/P4ADGA;39;ANG. CONT. B-BEARING 7005 CD/P4ADGA;35
5004007006-00;CUSCINETTO OBLIQUO SFERA 7006 CD/P4ADGA;39;ANG. CONT. B-BEARING 7006 CD/P4ADGA;35
5004007007-00;CUSCINETTO OBLIQUO SFERA 7007 CD/P4ADGA;39;ANG. CONT. B-BEARING 7007 CD/P4ADGA;35
5004007008-00;CUSCINETTO OBLIQUO SFERA 7008 CD/P4ADGA;39;ANG. CONT. B-BEARING 7008 CD/P4ADGA;35
5004007009-00;CUSCINETTO OBLIQUO SFERA 7009 CD/P4ADGA;39;ANG. CONT. B-BEARING 7009 CD/P4ADGA;35
5004007201-00;CUSCINETTO OBLIQUO SFERA 7201 CD/P4ADAGA;40;ANG. CONT. B-BEARING 7201 CD/P4ADAGA;36
5004007204-00;CUSCINETTO OBLIQUO SFERA 7204 CD/P4ADGA;39;ANG. CONT. B-BEARING 7204 CD/P4ADGA;35
5004007205-00;CUSCINETTO OBLIQUO SFERA 7205 CD/P4ADGA;39;ANG. CONT. B-BEARING 7205 CD/P4ADGA;35
5004007206-00;CUSCINETTO OBLIQUO SFERA 7206 CD/P4ADGA;39;ANG. CONT. B-BEARING 7206 CD/P4ADGA;35
5004007207-00;CUSCINETTO OBLIQUO SFERA 7207 CD/P4ADGA;39;ANG. CONT. B-BEARING 7207 CD/P4ADGA;35
5004007208-00;CUSCINETTO OBLIQUO SFERA 7208 CD/P4ADGA;39;ANG. CONT. B-BEARING 7208 CD/P4ADGA;35
5004007210-00;CUSCINETTO OBLIQUO SFERA 7210 CD/P4ADGA;39;ANG. CONT. B-BEARING 7210 CD/P4ADGA;35
5004007905-00;CUSCINETTO OBLIQUO SFERA 71905 CD/P4A ;38;ANG. CONT. B-BEARING 71905 CD/P4A ;34
5004007908-00;CUSCINETTO OBLIQUO SFERA 71908 CD/P4ADGA;40;ANG. CONT. B-BEARING 71908 CD/P4ADGA;36
5004007948-00;CUSCINETTO OBLIQ.SFERA 71948 CDGA/P4ADGA;40;ANG. CONT. B-BEARING 71948 CDGA/P4ADGA;38
5004012557-00;CUSCINETTO ASSIALE OBL. BEAS 025057-2RS;39;ANG.CONT.THR. B-BEARING BEAS 025057-2RS;39
5004107006-00;CUSCINETTO OBLIQUO SFERA S7006 CDGA/P4A;39;ANG. CONT. B-BEARING S7006 CDGA/P4A;35
5004107008-00;CUSCINETTO OBLIQUO SFERA S7008 CDGA/P4A;39;ANG. CONT. B-BEARING S7008 CDGA/P4A;35
5004107010-00;CUSCINETTO OBLIQUO SFERA S7010 CDGA/P4A;39;ANG. CONT. B-BEARING S7010 CDGA/P4A;35
5004107205-00;CUSCINETTO OBLIQUO SFERA 7205 BEP;33;ANG. CONT. B-BEARING 7205 BEP;29
5004171907-00;CUSCINETTO OBLIQUO SFERA 71907 CDGA/P4A;39;ANG. CONT. B-BEARING 71907 CDGA/P4A;35
5004171919-00;CUSCINETTO OBLIQ. SFERA S71919 ACDGA/P4A;40;ANG. CONT. B-BEARING S71919 ACDGA/P4A;37
5004407206-00;CUSCINETTO OBLIQ. SFERA 7206 CDGA/P4AQGA;40;ANG. CONT. B-BEARING 7206 CDGA/P4AQGA;37
5004410090-00;CUSCINETTO ANELLO SOTTILE KMF PBXA 090;38;THIN RING BEARING KMF PBXA 090;30
5004410105-00;CUSCINETTO ANELLO SOTTILE KMF PBXA 105;38;THIN RING BEARING KMF PBXA 105;30
5004410115-00;CUSCINETTO ANELLO SOTTILE KMF PBXA 115;38;THIN RING BEARING KMF PBXA 115;30
5004410370-00;CUSCINETTO ANELLO SOTTILE KMF PBXU 370;38;THIN RING BEARING.KMF PBXU 370;30
5004412400-00;CUSCINETTO IN ELEMENTI FRANKE LEL 0400;38;BEARING ELEMENTS FRANKE LEL 0400;32
5004468534-00;CUSCINETTO IN ELEMENTI FRANKE LEL4-0520;39;BEARING ELEMENTS FRANKE LEL4-0520;33
5004468646-00;CUSCINETTO IN ELEMENTI FRANKE LEL 0570;38;BEARING ELEMENTS FRANKE LEL 0570;32
5004468665-00;CUSCINETTO IN ELEMENTI FRANKE LEL 0760;38;BEARING ELEMENTS FRANKE LEL 0760;32
5004471121-00;CUSCINETTO IN ELEMENTI FRANKE LEL 0440;38;BEARING ELEMENTS FRANKE LEL 0440;32
5004471123-00;CUSCINETTO IN ELEMENTI FRANKE LEL 0450;38;BEARING ELEMENTS FRANKE LEL 0450;32
5004471131-00;CUSCINETTO IN ELEMENTI FRANKE LEL 0490;38;BEARING ELEMENTS FRANKE LEL 0490;32
5004471139-00;CUSCINETTO IN ELEMENTI FRANKE LEL 0530;38;BEARING ELEMENTS FRANKE LEL 0530;32
5004471140-00;ANELLO ESTERNO FRANKE LEE 0530;30;OUTER RING FRANKE LEE 0530;26
5004471215-00;CUSCINETTO IN ELEMENTI FRANKE LEL 0920;38;BEARING ELEMENTS FRANKE LEL 0920;32
5004471225-00;CUSCINETTO IN ELEMENTI FRANKE LEL 1020;38;BEARING ELEMENTS FRANKE LEL 1020;32
5004471231-00;CUSCINETTO IN ELEMENTI FRANKE LEL 1080;38;BEARING ELEMENTS FRANKE LEL 1080;32
5004475764-00;CUSCINETTO SEZ. SOTTILE FRANKE LSA8-14;38;SLIM BEARING FRANKE LSA8-14;27
5004497064-00;CUSCINETTO IN ELEMENTI FRANKE LEL5-0640;39;BEARING ELEMENTS FRANKE LEL5-0640;33
5004497070-00;CUSCINETTO IN ELEMENTI FRANKE LEL5-0760;39;BEARING ELEMENTS FRANKE LEL5-0760;33
5004600754-00;CUSCINETTO IN ELEMENTI FRANKE LEL 0570;38;BEARING ELEMENTS FRANKE LEL 0570;32
5004601362-00;CUSCINETTO IN ELEMENTI FRANKE LEL 0490;38;BEARING ELEMENTS FRANKE LEL 0490;32
5005007008-00;CUSCINETTO OBLIQUO SFERA 7008 CD/P4ADGA;39;ANG. CONT. B-BEARING 7008 CD/P4ADGA;35
5005007948-00;CUSCINETTO OBLIQ.SFERA 71948 CDGB/P4ADGA;40;ANG. CONT. B-BEARING 71948 CDGB/P4ADGA;38
5006030206-00;CUSCINETTO RULLI CONICI 30206;29;TAPERED ROLLER BEARING 30206;28
5006032206-00;CUSCINETTO RULLI CONICI 32206;29;TAPERED ROLLER BEARING 32206;28
5010000608-00;CUSCINETTO RADIALE SFERA 608-2RSL;33;DEEP GROOVE B-BEARING 608-2RSL;30
5010006201-00;CUSCINETTO RADIALE SFERA 6201-Z;31;DEEP GROOVE B-BEARING 6201-Z;28
5010006202-00;CUSCINETTO RADIALE SFERA 6202-Z;31;DEEP GROOVE B-BEARING 6202-Z;28
5010006203-00;CUSCINETTO RADIALE SFERA 6203-Z;31;DEEP GROOVE B-BEARING 6203-Z;28
5010060008-00;CUSCINETTO RADIALE SFERA 6008-Z;31;DEEP GROOVE B-BEARING 6008-Z;28
5011000608-00;CUSCINETTO RADIALE SFERA 608-2Z;31;DEEP GROOVE B-BEARING 608-2Z;28
5011000626-00;CUSCINETTO RADIALE SFERA 626-2Z;31;DEEP GROOVE B-BEARING 626-2Z;28
5011000696-00;CUSCINETTO RADIALE SFERA 619/6-2Z;33;DEEP GROOVE B-BEARING 619/6-2Z;30
5011006015-00;CUSCINETTO RADIALE SFERA 6015-2Z;32;DEEP GROOVE B-BEARING 6015-2Z;29
5011006200-00;CUSCINETTO RADIALE SFERA 6200-2Z;32;DEEP GROOVE B-BEARING 6200-2Z;29
5011006201-00;CUSCINETTO RADIALE SFERA 6201-2Z;32;DEEP GROOVE B-BEARING 6201-2Z;29
5011006202-00;CUSCINETTO RADIALE SFERA 6202-2Z;32;DEEP GROOVE B-BEARING 6202-2Z;29
5011006203-00;CUSCINETTO RADIALE SFERA 6203-2RSL;34;DEEP GROOVE B-BEARING 6203-2RSL;31
5011006204-00;CUSCINETTO RADIALE SFERA 6204-2Z;32;DEEP GROOVE B-BEARING 6204-2Z;29
5011006205-00;CUSCINETTO RADIALE SFERA 6205-2Z;32;DEEP GROOVE B-BEARING 6205-2Z;29
5011006206-00;CUSCINETTO RADIALE SFERA 6206-2Z;32;DEEP GROOVE B-BEARING 6206-2Z;29
5011026202-00;CUSCINETTO RADIALE SFERA 6202-2Z;32;DEEP GROOVE B-BEARING 6202-2Z;29
5012006204-00;CUSCINETTO RADIALE SFERA 6204-2ZNR;34;DEEP GROOVE B-BEARING 6204-2ZNR;31
5012006205-00;CUSCINETTO RADIALE SFERA 6205-2ZNR;34;DEEP GROOVE B-BEARING 6205-2ZNR;31
5012006207-00;CUSCINETTO RADIALE SFERA 6207-2ZNR;34;DEEP GROOVE B-BEARING 6207-2ZNR;31
5013000607-00;CUSCINETTO RADIALE SFERA 607-2RSH;33;DEEP GROOVE B-BEARING 607-2RSH;30
5013000609-00;CUSCINETTO RADIALE SFERA 609-2RSH;33;DEEP GROOVE B-BEARING 609-2RSH;30
5013003204-00;CUSCINETTO OBLIQUO 2C SFERA 3204 A-2RS1;39;2ROW ANG. CONT. B-BEARING 3204 A-2RS1;37
5013006000-00;CUSCINETTO RADIALE SFERA 6000-2RSH;34;DEEP GROOVE B-BEARING 6000-2RSH;31
5013006001-00;CUSCINETTO RADIALE SFERA 6001-2RSH;34;DEEP GROOVE B-BEARING 6001-2RSH;31
5013006002-00;CUSCINETTO RADIALE SFERA 6002-2RSH;34;DEEP GROOVE B-BEARING 6002-2RSH;31
5013006003-00;CUSCINETTO RADIALE SFERA 6003-2RSH;34;DEEP GROOVE B-BEARING 6003-2RSH;31
5013006004-00;CUSCINETTO RADIALE SFERA 6004-2RSH;34;DEEP GROOVE B-BEARING 6004-2RSH;31
5013006005-00;CUSCINETTO RADIALE SFERA 6005-2RSH;34;DEEP GROOVE B-BEARING 6005-2RSH;31
5013006006-00;CUSCINETTO RADIALE SFERA 6006-2RS1;34;DEEP GROOVE B-BEARING 6006-2RS1;31
5013006007-00;CUSCINETTO RADIALE SFERA 6007-2RS1;34;DEEP GROOVE B-BEARING 6007-2RS1;31
5013006008-00;CUSCINETTO RADIALE SFERA 6008-2RS1;34;DEEP GROOVE B-BEARING 6008-2RS1;31
5013006009-00;CUSCINETTO RADIALE SFERA 6009-2RSH;34;DEEP GROOVE B-BEARING 6009-2RSH;31
5013006010-00;CUSCINETTO RADIALE SFERA 6010-2RS1;34;DEEP GROOVE B-BEARING 6010-2RS1;31
5013006011-00;CUSCINETTO RADIALE SFERA 6011-2RS1;34;DEEP GROOVE B-BEARING 6011-2RS1;31
5013006012-00;CUSCINETTO RADIALE SFERA 6012-2RS1;34;DEEP GROOVE B-BEARING 6012-2RS1;31
5013006013-00;CUSCINETTO RADIALE SFERA 6013-2RSH;34;DEEP GROOVE B-BEARING 6013-2RSH;31
5013006015-00;CUSCINETTO RADIALE SFERA 6015-2RS1;34;DEEP GROOVE B-BEARING 6015-2RS1;31
5013006016-00;CUSCINETTO RADIALE SFERA 6016-2RS1;34;DEEP GROOVE B-BEARING 6016-2RS1;31
5013006017-00;CUSCINETTO RADIALE SFERA 6017-2RS1;34;DEEP GROOVE B-BEARING 6017-2RS1;31
5013006018-00;CUSCINETTO RADIALE SFERA 6018-2RS1;34;DEEP GROOVE B-BEARING 6018-2RS1;31
5013006200-00;CUSCINETTO RADIALE SFERA 6200-2RSH;34;DEEP GROOVE B-BEARING 6200-2RSH;31
5013006201-00;CUSCINETTO RADIALE SFERA 6201-2RSH;34;DEEP GROOVE B-BEARING 6201-2RSH;31
5013006202-00;CUSCINETTO RADIALE SFERA 6202-2RSH;34;DEEP GROOVE B-BEARING 6202-2RSH;31
5013006203-00;CUSCINETTO RADIALE SFERA 6203-2RSH;34;DEEP GROOVE B-BEARING 6203-2RSH;31
5013006204-00;CUSCINETTO RADIALE SFERA 6204-2RSH;34;DEEP GROOVE B-BEARING 6204-2RSH;31
5013006205-00;CUSCINETTO RADIALE SFERA 6205-2RSH;34;DEEP GROOVE B-BEARING 6205-2RSH;31
5013006206-00;CUSCINETTO RADIALE SFERA 6206-2RS1;34;DEEP GROOVE B-BEARING 6206-2RS1;31
5013006207-00;CUSCINETTO RADIALE SFERA 6207-2RSH;34;DEEP GROOVE B-BEARING 6207-2RSH;31
5013006208-00;CUSCINETTO RADIALE SFERA 6208-2RSH;34;DEEP GROOVE B-BEARING 6208-2RSH;31
5013006210-00;CUSCINETTO RADIALE SFERA 6210-2RSH;34;DEEP GROOVE B-BEARING 6210-2RSH;31
5013006211-00;CUSCINETTO RADIALE SFERA 6211-2RS1;34;DEEP GROOVE B-BEARING 6211-2RS1;31
5013006212-00;CUSCINETTO RADIALE SFERA 6212-2RS1;34;DEEP GROOVE B-BEARING 6212-2RS1;31
5013006214-00;CUSCINETTO RADIALE SFERA 6214-2RSH;34;DEEP GROOVE B-BEARING 6214-2RSH;31
5013006300-00;CUSCINETTO RADIALE SFERA 6300-2RS1;34;DEEP GROOVE B-BEARING 6300-2RS1;31
5013006301-00;CUSCINETTO RADIALE SFERA 6301-2RS1;34;DEEP GROOVE B-BEARING 6301-2RS1;31
5013006303-00;CUSCINETTO RADIALE SFERA 6303-2RSH;34;DEEP GROOVE B-BEARING 6303-2RSH;31
5013006304-00;CUSCINETTO RADIALE SFERA 6304-2RSH;34;DEEP GROOVE B-BEARING 6304-2RSH;31
5013006305-00;CUSCINETTO RADIALE SFERA 6305-2RSH;34;DEEP GROOVE B-BEARING 6305-2RSH;31
5013006306-00;CUSCINETTO RADIALE SFERA 6306-2RS1;34;DEEP GROOVE B-BEARING 6306-2RS1;31
5013006307-00;CUSCINETTO RADIALE SFERA 6307-2RS1;34;DEEP GROOVE B-BEARING 6307-2RS1;31
5013006308-00;CUSCINETTO RADIALE SFERA 6308-2RS1;34;DEEP GROOVE B-BEARING 6308-2RS1;31
5013007303-00;CUSCINETTO OBLIQ. SFERA 7303 BEP;32;ANG. CONT. B-BEARING 7303 BEP;29
5013030203-00;CUSCINETTO RULLI CONICI 30203;29;TAPERED ROLLER BEARING 30203;28
5013032010-00;CUSCINETTO RULLI CONICI 32010 X/Q;33;TAPERED ROLLER BEARING 32010 X/Q;32
5013032012-00;CUSCINETTO RULLI CONICI 32012 X;31;TAPERED ROLLER BEARING 32012 X;30
5013032024-00;CUSCINETTO RULLI CONICI 32024 X;31;TAPERED ROLLER BEARING 32024 X;30
5013061808-00;CUSCINETTO RADIALE SFERA 61808-2RS1;35;DEEP GROOVE B-BEARING 61808-2RS1;32
5013061809-00;CUSCINETTO RADIALE SFERA 61809-2RS1;35;DEEP GROOVE B-BEARING 61809-2RS1;32
5013061810-00;CUSCINETTO RADIALE SFERA 61810-2RS1;35;DEEP GROOVE B-BEARING 61810-2RS1;32
5013061811-00;CUSCINETTO RADIALE SFERA 61811-2RS1;35;DEEP GROOVE B-BEARING 61811-2RS1;32
5013061812-00;CUSCINETTO RADIALE SFERA 61812-2RS1;35;DEEP GROOVE B-BEARING 61812-2RS1;32
5013061828-00;CUSCINETTO RADIALE SFERA 61828-2RS1;35;DEEP GROOVE B-BEARING 61828-2RS1;32
5013062201-00;CUSCINETTO RADIALE SFERA 62201-2RSH;35;DEEP GROOVE B-BEARING 62201-2RSH;32
5013062203-00;CUSCINETTO RADIALE SFERA 62203-2RS1;35;DEEP GROOVE B-BEARING 62203-2RS1;32
5013062205-00;CUSCINETTO RADIALE SFERA 62205-2RS1;35;DEEP GROOVE B-BEARING 62205-2RS1;32
5013062207-00;CUSCINETTO RADIALE SFERA 62207-2RS1;35;DEEP GROOVE B-BEARING 62207-2RS1;32
5013063003-00;CUSCINETTO RADIALE SFERA 63003-2RS1;35;DEEP GROOVE B-BEARING 63003-2RS1;32
5013063004-00;CUSCINETTO RADIALE SFERA 63004-2RS1;35;DEEP GROOVE B-BEARING 63004-2RS1;32
5013063005-00;CUSCINETTO RADIALE SFERA 63005-2RS1;35;DEEP GROOVE B-BEARING 63005-2RS1;32
5013063010-00;CUSCINETTO RADIALE SFERA 63010-2RS1;35;DEEP GROOVE B-BEARING 63010-2RS1;32
5014000025-00;CUSCINETTO SJ25C (HEPCO) A2;27;BEARING SJ25C (HEPCO) A2;24
5014000026-00;CUSCINETTO SJ25E (HEPCO) A2;27;BEARING SJ25E (HEPCO) A2;24
5014001000-00;CUSCINETTO FPCB 1000 SKF;24;BEARING FPCB 1000 SKF;21
5014006006-00;CUSCINETTO RADIALE SFERA 6006 NR;32;DEEP GROOVE B-BEARING 6006 NR;29
5014006007-00;CUSCINETTO RADIALE SFERA 6007 NR;32;DEEP GROOVE B-BEARING 6007 NR;29
5014006009-00;CUSCINETTO RADIALE SFERA 6009 NR;32;DEEP GROOVE B-BEARING 6009 NR;29
5014006203-00;CUSCINETTO RADIALE SFERA 6203 NR;32;DEEP GROOVE B-BEARING 6203 NR;29
5014006204-00;CUSCINETTO RADIALE SFERA 6204 NR;32;DEEP GROOVE B-BEARING 6204 NR;29
5014006205-00;CUSCINETTO RADIALE SFERA 6205 NR;32;DEEP GROOVE B-BEARING 6205 NR;29
5014006206-00;CUSCINETTO RADIALE SFERA 6206 NR;32;DEEP GROOVE B-BEARING 6206 NR;29
5014006207-00;CUSCINETTO RADIALE SFERA 6207 NR;32;DEEP GROOVE B-BEARING 6207 NR;29
5014006209-00;CUSCINETTO RADIALE SFERA 6209 NR;32;DEEP GROOVE B-BEARING 6209 NR;29
5014006305-00;CUSCINETTO RADIALE SFERA 6305 NR;32;DEEP GROOVE B-BEARING 6305 NR;29
5014006306-00;CUSCINETTO RADIALE SFERA 6306 NR;32;DEEP GROOVE B-BEARING 6306 NR;29
5014016305-00;CUSCINETTO RADIALE SFERA 6305-2ZNR;34;DEEP GROOVE B-BEARING 6305-2ZNR;31
5015215200-00;CUSCINETTO KD 210 TY 21/520.0 ROTHE ERDE;40;BEARING KD 210 TY 21/520.0 ROTHE ERDE;37
5020000000-00;GUIDA CUSCINETTO TORNITO D40;28;BEARING GUIDE D40;17
5029000001-00;BUSSOLE PER MASCHERAGGI (3x6x8);31;WASHER (3x6x8);14
5030000000-00;CUSCINETTO RULLINI NK 55/35;27;NEEDLE ROLLER BEARING NK 55/35;30
5030000001-00;ANELLO INTERNO IR 35x42x20;26;INNER RING IR 35x42x20;22
5030000002-00;CUSCINETTO RULLINI NKIS 45;26;NEEDLE ROLLER BEARING NKIS 45;29
5030000003-00;CUSCINETTO RULLINI HK 1012;26;NEEDLE ROLLER BEARING HK 1012;29
5030000004-00;CUSCINETTO RULLINI RNA 4910;27;NEEDLE ROLLER BEARING RNA 4910;30
5030000005-00;CUSCINETTO RULLINI RNA 4905;27;NEEDLE ROLLER BEARING RNA 4905;30
5030000006-00;CUSCINETTO RULLINI RNA 4906;27;NEEDLE ROLLER BEARING RNA 4906;30
5030000007-00;CUSCINETTO RULLINI NK 50/25;27;NEEDLE ROLLER BEARING NK 50/25;30
5030000008-00;ANELLO INTERNO IR 50x58x40;26;INNER RING IR 50x58x40;22
5030000009-00;ANELLO INTERNO IR 25x30x20;26;INNER RING IR 25x30x20;22
5030000010-00;ANELLO INTERNO IR 22x28x20,5;28;INNER RING IR 22x28x20,5;24
5030000011-00;CUSCINETTO COMB. RULLINI-SFERA NKX 15;37;COMB. N-ROLLER/THRUST B-BEARING NKX 15;38
5030000012-00;CUSCINETTO RULLINI HK 2012;26;NEEDLE ROLLER BEARING HK 2012;29
5030000013-00;CUSCINETTO RULLINI HK 2020;26;NEEDLE ROLLER BEARING HK 2020;29
5030000014-00;CUSCINETTO RULLINI NKI 10/20;28;NEEDLE ROLLER BEARING NKI 10/20;31
5030000015-00;CUSCINETTO RULLINI NA 4900 RS;29;NEEDLE ROLLER BEARING NA 4900 RS;32
5030000016-00;CUSCINETTO RULLINI HK 3026;26;NEEDLE ROLLER BEARING HK 3026;29
5030000017-00;UNITÀ CUSCINETTO SFERA PFT 30 TF;32;BALL BEARING UNIT PFT 30 TF;27
5030000018-00;UNITÀ CUSCINETTO SFERA SYJ 30 TF;32;BALL BEARING UNIT SYJ 30 TF;27
5030000019-00;UNITÀ CUSCINETTO SFERA FYJ 30 TF;32;BALL BEARING UNIT FYJ 30 TF;27
5030000020-00;CUSCINETTO RULLINI HK 1015;26;NEEDLE ROLLER BEARING HK 1015;29
5030000021-00;CUSCINETTO RULLINI RNA 49/32;28;NEEDLE ROLLER BEARING RNA 49/32;31
5030000022-00;CUSCINETTO RULLINI NK 32/20 TN;30;NEEDLE ROLLER BEARING NK 32/20 TN;33
5030000023-00;ANELLO INTERNO IR 28x32x30;26;INNER RING IR 28x32x30;22
5030000024-00;ANELLO INTERNO IR 35x40x30;26;INNER RING IR 35x40x30;22
5030000025-00;CUSCINETTO RULLINI HK 4020;26;NEEDLE ROLLER BEARING HK 4020;29
5030000026-00;CUSCINETTO RULLINI NA 4906;26;NEEDLE ROLLER BEARING NA 4906;29
5030000027-00;CUSCINETTO RULLINI NK 45/30 TN;30;NEEDLE ROLLER BEARING NK 45/30 TN;33
5030000028-00;CUSCINETTO RULLINI NA 4901.2RS;30;NEEDLE ROLLER BEARING NA 4901.2RS;33
5030000029-00;ROTELLA A RULLI STO 15;22;SUPPORT ROLLER STO 15;21
5030000030-00;FLANGIA CUSCINETTO FTR-1215-0-A;31;OVAL FLANGED BEARING FTR-1215-0-A;33
5030000031-00;PERNO FOLLE KR 16;17;CAM FOLLOWER KR 16;18
5030000032-00;CUSCINETTO RULLINI RNA 4908;27;NEEDLE ROLLER BEARING RNA 4908;30
5030000033-00;CUSCINETTO RULLINI RNA 4914;27;NEEDLE ROLLER BEARING RNA 4914;30
5030000034-00;CUSCINETTO RULLINI RNA 4916;27;NEEDLE ROLLER BEARING RNA 4916;30
5030000035-00;UNITÀ CUSCINETTO SFERA PFT 20 TF;32;BALL BEARING UNIT PFT 20 TF;27
5030000036-00;CUSCINETTO RULLINI NK 37/20;27;NEEDLE ROLLER BEARING NK 37/20;30
5030000037-00;CUSCINETTO COMB. RULLINI-SFERA NKX 40;37;COMB. N-ROLLER/THRUST B-BEARING NKX 40;38
5030000038-00;CUSCINETTO RULLINI RNA 6903;27;NEEDLE ROLLER BEARING RNA 6903;30
5030000039-00;ANELLO INTERNO IR 17x22x26;26;INNER RING IR 17x22x26;22
5030000040-00;CUSCINETTO RULLINI HK 1814 RS;29;NEEDLE ROLLER BEARING HK 1814 RS;32
5030000041-00;CUSCINETTO BK3520 SOSTIT. DA 5030003520;39;BEARING BK3520 REPLACED DA 5030003520;37
5030000042-00;ANELLO DI TENUTA G 35x42x4;26;RADIAL SHAFT SEAL G 35x42x4;27
5030000043-00;CUSCINETTO RULLINI RNA 49/28;28;NEEDLE ROLLER BEARING RNA 49/28;31
5030000044-00;CUSCINETTO RULLINI NA 6908;26;NEEDLE ROLLER BEARING NA 6908;29
5030000045-00;CUSCINETTO RULLINI RNA 6910;27;NEEDLE ROLLER BEARING RNA 6910;30
5030000046-00;CUSCINETTO RULLINI NA 4902;26;NEEDLE ROLLER BEARING NA 4902;29
5030000047-00;CUSCINETTO RULLINI NK 22/16;27;NEEDLE ROLLER BEARING NK 22/16;30
5030000048-00;CUSCINETTO RULLI CILIN. NN 3010 TN/SPW33;40;CYLINDR. ROLLER BEARING NN 3010 TN/SPW33;40
5030000049-00;CUSCINETTO RULLINI NK 12/12;27;NEEDLE ROLLER BEARING NK 12/12;30
5030000050-00;CUSCINETTO RULLINI NA 4901.2RS;30;NEEDLE ROLLER BEARING NA 4901.2RS;33
5030000051-00;CUSCINETTO RULLINI NK 10/12 TN;30;NEEDLE ROLLER BEARING NK 10/12 TN;33
5030000052-00;CUSCINETTO RULLINI HK 25/20.2RS;31;NEEDLE ROLLER BEARING HK 25/20.2RS;34
5030000053-00;CUSCINETTO RULLINI NK 15/20;27;NEEDLE ROLLER BEARING NK 15/20;30
5030000054-00;CUSCINETTO RULLINI NKI 20/20;28;NEEDLE ROLLER BEARING NKI 20/20;31
5030000055-00;CUSCINETTO RULLINI NA 4905.2RS;30;NEEDLE ROLLER BEARING NA 4905.2RS;33
5030000056-00;CUSCINETTO RULLINI NA 4903;26;NEEDLE ROLLER BEARING NA 4903;29
5030000057-00;CUSCINETTO RULLINI NKI 70/25;28;NEEDLE ROLLER BEARING NKI 70/25;31
5030000058-00;CUSCINETTO RULLINI NKI 100/30;29;NEEDLE ROLLER BEARING NKI 100/30;32
5030000059-00;CUSCINETTO RULLINI NA 4907 RS;29;NEEDLE ROLLER BEARING NA 4907 RS;32
5030000060-00;CUSCINETTO RULLI CONICI 32017 X;31;TAPERED ROLLER BEARING 32017 X;30
5030000061-00;CUSCINETTO RULLI CILINDR. NU 213 ECP/C2;39;CYLINDRICAL ROLLER BEARING NU 213 ECP/C2;40
5030000062-00;CUSCINETTO RULLI CONICI 30213;29;TAPERED ROLLER BEARING 30213;28
5030000063-00;CUSCINETTO RULLINI HK 1212;26;NEEDLE ROLLER BEARING HK 1212;29
5030000064-00;CUSCINETTO RULLI CILINDRICI NU 203 ECP;38;CYLINDRICAL ROLLER BEARING NU 203 ECP;37
5030000065-00;CUSCINETTO RULLINI NKI 20/16;28;NEEDLE ROLLER BEARING NKI 20/16;31
5030000066-00;ANELLO INTERNO IR 40x50x22;26;INNER RING IR 40x50x22;22
5030000067-00;CUSCINETTO IKO CRBHV 5013 A UUT1 P5;35;BEARING IKO CRBHV 5013 A UUT1 P5;32
5030000068-00;CUSCINETTO IKO CRBH 9016 A UUT1 P5;34;BEARING IKO CRBH 9016 A UUT1 P5;31
5030000069-00;CUSCINETTO IKO CRBH 25025 A UUT1 P6;35;BEARING IKO CRBH 25025 A UUT1 P6;32
5030000070-00;ANELLO INTERNO LR 30x35x12,5;28;INNER RING LR 30x35x12,5;24
5030000071-00;CUSCINETTO RULLINI HK 3512;26;NEEDLE ROLLER BEARING HK 3512;29
5030000072-00;CUSCINETTO RULLINI NKI 12/20;28;NEEDLE ROLLER BEARING NKI 12/20;31
5030000073-00;CUSCINETTO RULLINI NA 4909;26;NEEDLE ROLLER BEARING NA 4909;29
5030000074-00;ANELLO INTERNO LR 20x25x12,5;28;INNER RING LR 20x25x12,5;24
5030000075-00;CUSCINETTO RULLINI HK 0608;26;NEEDLE ROLLER BEARING HK 0608;29
5030000076-00;CUSCINETTO RULLINI HK 1412;26;NEEDLE ROLLER BEARING HK 1412;29
5030000077-00;CUSCINETTO RULLINI NK19/20;26;NEEDLE ROLLER BEARING NK19/20;29
5030000078-00;CUSCINETTO RULLI INCROC. THK RB 40035;37;CROSSED ROLLER BEARING THK RB 40035;35
5030000079-00;CUSCINETTO RULLINI HK 0812.2RS;30;NEEDLE ROLLER BEARING HK 0812.2RS;33
5030000080-00;CUSCINETTO IKO CRBH 7013 A UUT1 P5;34;BEARING IKO CRBH 7013 A UUT1 P5;31
5030000081-00;CUSCINETTO RULLINI HK 0609;26;NEEDLE ROLLER BEARING HK 0609;29
5030000082-00;CUSCINETTO RULLINI NKI 25/20 TN;31;NEEDLE ROLLER BEARING NKI 25/20 TN;34
5030000083-00;UNITÀ CUSCINETTO SFERA NSK UBPFL 202;36;BALL BEARING UNIT NSK UBPFL 202;31
5030000084-00;CUSCINETTO RULLI INCROC. THK RB 10020;37;CROSSED ROLLER BEARING THK RB 10020;35
5030000085-00;CUSCINETTO RULLI INCROC. THK RB 11020;37;CROSSED ROLLER BEARING THK RB 11020;35
5030000100-00;FASCIA GUIDA 9287-123.907 5,6x2,5;33;GUIDE BANDS 9287-123.907 5,6x2,5;32
5030000107-00;RALLA CUSC. ASS. RULLINI AS 4060;32;WASHER N. ROLLER THR-BEARING AS 4060;36
5030000108-00;GABBIA ASSIALE RULLINI AXK 4060;31;CAGE THRUST NEEDLE ROLLER AXK 4060;34
5030000109-00;RALLA CUSC. ASS. RULLI-RULLINI LS 4060;38;WASHER C/N ROLLER THR-BEARING LS 4060;37
5030000110-00;RALLA CUSC. ASS. RULLINI AS 90120;33;WASHER N. ROLLER THR-BEARING AS 90120;37
5030000111-00;RALLA IGUS PRT-04-60-DRI;24;WASHER IGUS PRT-04-60-DRI;25
5030000115-00;GABBIA ASSIALE RULLINI AXK 90120;32;CAGE THRUST NEEDLE ROLLER AXK 90120;35
5030000116-00;GABBIA ASSIALE RULLINI AXK 0515 TN;34;CAGE THRUST NEEDLE ROLLER AXK 0515 TN;37
5030000117-00;RALLA CUSC. ASS. RULLINI AS 0515;32;WASHER N. ROLLER THR-BEARING AS 0515;36
5030000120-00;RALLA CUSC. ASS. RULLI-RULLINI LS 90120;39;WASHER C/N ROLLER THR-BEARING LS 90120;38
5030000121-00;CUSCINETTO ASSIALE RULLI CIL. 81104 TN;38;CYLINDR. ROLLER THRUST BEARING 81104 TN;39
5030000122-00;RALLA CUSC. ASS. RULLINI AS 6590;32;WASHER N. ROLLER THR-BEARING AS 6590;36
5030000123-00;GABBIA ASSIALE RULLINI AXK 6590;31;CAGE THRUST NEEDLE ROLLER AXK 6590;34
5030000124-00;RALLA CUSC. ASS. RULLI-RULLINI LS 6590;38;WASHER C/N ROLLER THR-BEARING LS 6590;37
5030000126-00;RALLA REGGISPINTA PAW 26 P10;28;THRUST WASHER PAW 26 P10;24
5030000132-00;RALLA REGGISPINTA PAW 32 P10;28;THRUST WASHER PAW 32 P10;24
5030000152-00;RALLA REGGISPINTA PAW 52 P10;28;THRUST WASHER PAW 52 P10;24
5030000206-00;CUSCINETTO RULLI CILINDRICI NUP 206 ECP;39;CYLINDRICAL ROLLER BEARING NUP 206 ECP;38
5030000210-00;CUSCINETTO RULLI CILINDRICI NUP 210 ECP;39;CYLINDRICAL ROLLER BEARING NUP 210 ECP;38
5030000212-00;CUSCINETTO RULLI CILINDRICI NUP 212 ECP;39;CYLINDRICAL ROLLER BEARING NUP 212 ECP;38
5030000305-00;CUSCINETTO RULLI CILINDRICI NUP 305 ECP;39;CYLINDRICAL ROLLER BEARING NUP 305 ECP;38
5030000320-00;RUOTA LAG M320 D60 ;19;WHEEL LAG M320 D60 ;19
5030000393-00;RUOTA GIREVOLE SENZA FRENO D100;31;WHEEL GIREVOLE SENZA FRENO D100;31
5030000421-00;RUOTA LAG M420 + FR D60;23;WHEEL LAG M420 + FR D60;23
5030000512-00;CUSCINETTO RULLINI NK 5/12 TN;29;NEEDLE ROLLER BEARING NK 5/12 TN;32
5030000520-00;RUOTA LAG M520 D60;18;WHEEL LAG M520 D60;18
5030000606-00;BOCCOLA PAP 0606 P10;20;BUSHER PAP 0606 P10;19
5030000608-00;BOCCOLA PAP 0608 P10;20;BUSHER PAP 0608 P10;19
5030000610-00;BOCCOLA PAP 0610 P10;20;BUSHER PAP 0610 P10;19
5030000612-00;CUSCINETTO RULLINI NK 6/12 TN;29;NEEDLE ROLLER BEARING NK 6/12 TN;32
5030000619-00;GABBIA ASSIALE RULLINI AXK 0619 TN;34;CAGE THRUST NEEDLE ROLLER AXK 0619 TN;37
5030000620-00;RUOTA LAG M620 D60;18;WHEEL LAG M620 D60;18
5030000712-00;CUSCINETTO RULLINI NK 7/12 TN;29;NEEDLE ROLLER BEARING NK 7/12 TN;32
5030000808-00;RULLO CILINDRICO RC-8x8;23;CYLINDRICAL ROLLERS RC-8x8;26
5030000812-00;BOCCOLA PAP 0812 P10;20;BUSHER PAP 0812 P10;19
5030000816-00;RALLA CUSC. ASS. RULLINI CP 8 16;32;WASHER N. ROLLER THR-BEARING CP 8 16;36
5030001000-00;CUSCINETTO COMB. RULLINI-RULLI NKXR 50 Z;40;COMB. N/CYL ROLLER THR-BEARING NKXR 50 Z;40
5030001008-00;BOCCOLA PAP 1008 P10;20;BUSHER PAP 1008 P10;19
5030001010-00;BOCCOLA PAP 1010 P10;20;BUSHER PAP 1010 P10;19
5030001012-00;BOCCOLA PAP 1012 P10;20;BUSHER PAP 1012 P10;19
5030001020-00;SUPPORTO GIREVOLE PESANTE 1020 Q;32;SUPPORT 1020 Q;14
5030001040-00;SUPPORTO FISSO PESANTE 1040 Q;29;SUPPORT 1040 Q;14
5030001208-00;BOCCOLA PAP 1208 P10;20;BUSHER PAP 1208 P10;19
5030001210-00;BOCCOLA PAP 1210 P10;20;BUSHER PAP 1210 P10;19
5030001212-00;BOCCOLA PAP 1212 P10;20;BUSHER PAP 1212 P10;19
5030001215-00;BOCCOLA PAP 1215 P10;20;BUSHER PAP 1215 P10;19
5030001220-00;BOCCOLA PAP 1220 P10;20;BUSHER PAP 1220 P10;19
5030001415-00;BOCCOLA PAP 1415 P10;20;BUSHER PAP 1415 P10;19
5030001425-00;BOCCOLA PAP 1425 P10;20;BUSHER PAP 1425 P10;19
5030001510-00;BOCCOLA MB 1510 DU BRONZO;25;BUSHER MB 1510 DU BRONZE;24
5030001511-00;BOCCOLA BMC/TFP 1510;20;BUSHER BMC/TFP 1510;19
5030001512-00;BOCCOLA PAP 1512 P10;20;BUSHER PAP 1512 P10;19
5030001515-00;BOCCOLA PAP 1515 P10;20;BUSHER PAP 1515 P10;19
5030001520-00;BOCCOLA PAP 1520 P10;20;BUSHER PAP 1520 P10;19
5030001610-00;BOCCOLA PAP 1610 P10;20;BUSHER PAP 1610 P10;19
5030001612-00;BOCCOLA PAP 1612 P10;20;BUSHER PAP 1612 P10;19
5030001615-00;BOCCOLA PAP 1615 P10;20;BUSHER PAP 1615 P10;19
5030001620-00;BOCCOLA PAP 1620 P10;20;BUSHER PAP 1620 P10;19
5030001625-00;BOCCOLA PAP 1625 P10;20;BUSHER PAP 1625 P10;19
5030001815-00;BOCCOLA PAP 1815 P10;20;BUSHER PAP 1815 P10;19
5030001820-00;BOCCOLA PAP 1820 P10;20;BUSHER PAP 1820 P10;19
5030001828-00;CUSCINETTO RULLI INCROC. THK SX 01 1828;39;CROSSED ROLLER BEARING THK SX 01 1828;37
5030001829-00;CUSCINETTO RULLI INCROC. THK RB 14016;37;CROSSED ROLLER BEARING THK RB 14016;35
5030002015-00;BOCCOLA PAP 2015 P10;20;BUSHER PAP 2015 P10;19
5030002020-00;CUSCINETTO RULLINI NK 20/20;27;NEEDLE ROLLER BEARING NK 20/20;30
5030002021-00;BOCCOLA PAP 2020 P10;20;BUSHER PAP 2020 P10;19
5030002025-00;BOCCOLA PAP 2025 P10;20;BUSHER PAP 2025 P10;19
5030002030-00;BOCCOLA PAP 2030 P10;20;BUSHER PAP 2030 P10;19
5030002203-00;ROTELLA A RULLI NA 2203.2RSX;28;SUPPORT ROLLER NA 2203.2RSX;27
5030002207-00;CUSCINETTO RULLI CILINDRICI NUP 2207 ECP;40;CYLINDRICAL ROLLER BEARING NUP 2207 ECP;39
5030002212-00;CUSCINETTO ORIENT. BS2-2212-2RS/VT143;37;SELF-ALIGNING BEARING BS2-2212-2RS/VT143;40
5030002220-00;BOCCOLA PAP 2220 P10;20;BUSHER PAP 2220 P10;19
5030002225-00;BOCCOLA MB 2225 DU BRONZO;25;BUSHER MB 2225 DU BRONZE;24
5030002430-00;BOCCOLA PAP 2430 P10;20;BUSHER PAP 2430 P10;19
5030002515-00;BOCCOLA PAP 2515 P10;20;BUSHER PAP 2515 P10;19
5030002520-00;BOCCOLA PAP 2520 P10;20;BUSHER PAP 2520 P10;19
5030002521-00;BOCCOLA MB 2520 DU BRONZO;25;BUSHER MB 2520 DU BRONZE;24
5030002525-00;BOCCOLA PAP 2525 P10;20;BUSHER PAP 2525 P10;19
5030002530-00;BOCCOLA PAP 2530 P10;20;BUSHER PAP 2530 P10;19
5030002542-00;GABBIA ASSIALE RULLINI AXK 2542;31;CAGE THRUST NEEDLE ROLLER AXK 2542;34
5030002543-00;RALLA CUSC. ASS. RULLINI AS 2542;32;WASHER N. ROLLER THR-BEARING AS 2542;36
5030002820-00;BOCCOLA PAP 2820 P10;20;BUSHER PAP 2820 P10;19
5030002830-00;BOCCOLA PAP 2830 P10;20;BUSHER PAP 2830 P10;19
5030003015-00;BOCCOLA PAP 3015 P10;20;BUSHER PAP 3015 P10;19
5030003020-00;BOCCOLA PAP 3020 P10;20;BUSHER PAP 3020 P10;19
5030003025-00;BOCCOLA PAP 3025 P10;20;BUSHER PAP 3025 P10;19
5030003030-00;BOCCOLA PAP 3030 P10;20;BUSHER PAP 3030 P10;19
5030003031-00;BOCCOLA MB 3030 DU BRONZO;25;BUSHER MB 3030 DU BRONZE;24
5030003040-00;BOCCOLA PAP 3040 P10;20;BUSHER PAP 3040 P10;19
5030003520-00;CUSCINETTO RULLINI BK 3520;26;NEEDLE ROLLER BEARING BK 3520;29
5030003530-00;BOCCOLA PAP 3530 P10;20;BUSHER PAP 3530 P10;19
5030003540-00;BOCCOLA PAP 3540 P10;20;BUSHER PAP 3540 P10;19
5030003550-00;BOCCOLA PAP 3550 P10;20;BUSHER PAP 3550 P10;19
5030003551-00;BOCCOLA PAP 3550 P20 ;21;BUSHER PAP 3550 P20 ;20
5030004020-00;BOCCOLA PAP 4020 P10;20;BUSHER PAP 4020 P10;19
5030004030-00;BOCCOLA MB 4030 DU BRONZO;25;BUSHER MB 4030 DU BRONZE;24
5030004040-00;BOCCOLA PAP 4040 P10;20;BUSHER PAP 4040 P10;19
5030004050-00;BOCCOLA PAP 4050 P10;20;BUSHER PAP 4050 P10;19
5030004530-00;BOCCOLA PAP 4530 P10;20;BUSHER PAP 4530 P10;19
5030004550-00;BOCCOLA PAP 4550 P10;20;BUSHER PAP 4550 P10;19
5030004906-00;CUSCINETTO RULLINI RNA 4906.2RS;31;NEEDLE ROLLER BEARING RNA 4906.2RS;34
5030004909-00;CUSCINETTO RULLINI RNA 4909;27;NEEDLE ROLLER BEARING RNA 4909;30
5030004919-00;CUSCINETTO RULLINI NA 4919;26;NEEDLE ROLLER BEARING NA 4919;29
5030005040-00;BOCCOLA PAP 5040 P10;20;BUSHER PAP 5040 P10;19
5030005060-00;BOCCOLA PAP 5060 P10;20;BUSHER PAP 5060 P10;19
5030006030-00;BOCCOLA PAP 6030 P10;20;BUSHER PAP 6030 P10;19
5030006070-00;BOCCOLA PAF 06070 P10;21;BUSHER PAF 06070 P10;20
5030006080-00;BOCCOLA PAF 06080 P10;21;BUSHER PAF 06080 P10;20
5030006190-00;RALLA CUSC. ASS. RULLINI AS 0619;32;WASHER N. ROLLER THR-BEARING AS 0619;36
5030006904-00;CUSCINETTO RULLINI NA 6904;26;NEEDLE ROLLER BEARING NA 6904;29
5030006911-00;CUSCINETTO RULLINI NA 6911;26;NEEDLE ROLLER BEARING NA 6911;29
5030006913-00;CUSCINETTO RULLINI RNA 6913;27;NEEDLE ROLLER BEARING RNA 6913;30
5030006932-00;CUSCINETTO RULLINI INA RNA 69/32;32;NEEDLE ROLLER BEARING INA RNA 69/32;35
5030007050-00;BOCCOLA PAP 7050 P10;20;BUSHER PAP 7050 P10;19
5030008055-00;BOCCOLA PAF 08055 P10;21;BUSHER PAF 08055 P10;20
5030008095-00;BOCCOLA PAF 08095 P10;21;BUSHER PAF 08095 P10;20
5030010012-00;RUOTA LAG BETA ART.12012 D125;29;WHEEL LAG BETA ART.12012 D125;29
5030010026-00;RUOTA LAG BETA ART.12026 D160;29;WHEEL LAG BETA ART.12026 D160;29
5030010060-00;BOCCOLA PAP 10060 P10;21;BUSHER PAP 10060 P10;20
5030010070-00;BOCCOLA PAF 10070 P10;21;BUSHER PAF 10070 P10;20
5030010090-00;BOCCOLA PAF 10090 P10;21;BUSHER PAF 10090 P10;20
5030010120-00;BOCCOLA PAF 10120 P10;21;BUSHER PAF 10120 P10;20
5030012015-00;GABBIA RULLINI K 12x15x13 TN;28;CAGE NEEDLE ROLLER K 12x15x13 TN;32
5030012026-00;RALLA CUSC. ASS. RULLINI AS 1226;32;WASHER N. ROLLER THR-BEARING AS 1226;36
5030012060-00;BOCCOLA PAP 12060 P10;21;BUSHER PAP 12060 P10;20
5030012090-00;BOCCOLA PAF 12090 P10;21;BUSHER PAF 12090 P10;20
5030012170-00;BOCCOLA PAF 12170 P10;21;BUSHER PAF 12170 P10;20
5030013458-00;RUOTA LAG DELTA ART.13058 D100;30;WHEEL LAG DELTA ART.13058 D100;30
5030015019-00;GABBIA RULLINI K 15x19x13;25;CAGE NEEDLE ROLLER K 15x19x13;29
5030015021-00;GABBIA RULLINI K 15x21x21;25;CAGE NEEDLE ROLLER K 15x21x21;29
5030015028-00;RALLA CUSC. ASS. RULLI-RULLINI LS 1528;38;WASHER C/N ROLLER THR-BEARING LS 1528;37
5030015060-00;BOCCOLA PAP 15060 P10;21;BUSHER PAP 15060 P10;20
5030015090-00;BOCCOLA PAF 15090 P10;21;BUSHER PAF 15090 P10;20
5030015120-00;BOCCOLA PAF 15120 P10;21;BUSHER PAF 15120 P10;20
5030015170-00;BOCCOLA PAF 15170 P10;21;BUSHER PAF 15170 P10;20
5030016120-00;BOCCOLA PAF 16120 P10;21;BUSHER PAF 16120 P10;20
5030018120-00;BOCCOLA PAF 18120 P10;21;BUSHER PAF 18120 P10;20
5030018170-00;BOCCOLA PAF 18170 P10;21;BUSHER PAF 18170 P10;20
5030018220-00;BOCCOLA PAF 18220 P10;21;BUSHER PAF 18220 P10;20
5030020114-00;BOCCOLA PAF 20115 P10;21;BUSHER PAF 20115 P10;20
5030020115-00;BOCCOLA PAF 20115 P11;21;BUSHER PAF 20115 P11;20
5030020165-00;BOCCOLA PAF 20165 P11;21;BUSHER PAF 20165 P11;20
5030020215-00;BOCCOLA PAF 20215 P10;21;BUSHER PAF 20215 P10;20
5030022000-00;PERNO FOLLE KR 22;17;CAM FOLLOWER KR 22;18
5030022207-00;CUSCINETTO ORIENT. RULLI 22207 EK;33;SPHERICAL ROLLER BEARING 22207 EK;33
5030022208-00;CUSCINETTO ORIENT. RULLI 22208 E;32;SPHERICAL ROLLER BEARING 22208 E;32
5030022210-00;CUSCINETTO ORIENT. RULLI 22210 E;32;SPHERICAL ROLLER BEARING 22210 E;32
5030022211-00;CUSCINETTO ORIENT. RULLI 22211 EJ/W33;37;SPHERICAL ROLLER BEARING 22211 EJ/W33;37
5030023028-00;CUSCINETTO ORIENT. RULLI 23028 CC/W33;37;SPHERICAL ROLLER BEARING 23028 CC/W33;37
5030023030-00;CUSCINETTO ORIENT. RULLI 23030 CC/W33;37;SPHERICAL ROLLER BEARING 23030 CC/W33;37
5030025115-00;BOCCOLA PAF 25115 P10;21;BUSHER PAF 25115 P10;20
5030025215-00;BOCCOLA PAF 25215 P10;21;BUSHER PAF 25215 P10;20
5030030160-00;BOCCOLA PAF 30160 P10;21;BUSHER PAF 30160 P10;20
5030030260-00;BOCCOLA PAF 30260 P10;21;BUSHER PAF 30260 P10;20
5030031003-00;RUOTA LAG QD ART.1003cc D150;28;WHEEL LAG QD ART.1003cc D150;28
5030031040-00;RUOTA CON SUPP.FISSI PESANTI Q+P50;34;WHEEL CON SUPP.FISSI PESANTI Q+P50;34
5030031050-00;RUOTA CON SUPP.GIREV.PESANTI Q+P50;34;WHEEL CON SUPP.GIREV.PESANTI Q+P50;34
5030031061-00;RUOTA LAG Q + P60 ART.1061 D130;31;WHEEL LAG Q + P60 ART.1061 D130;31
5030031100-00;SWIVEL CASTER FOR YLS-U - 100 MM;32;SWIVEL CASTER FOR YLS-U - 100 MM;32
5030031101-00;FIXED CASTER FOR YLS-U - 100 MM;31;FIXED CASTER FOR YLS-U - 100 MM;31
5030031130-00;RUOTA LAG Q + P60 D130;22;WHEEL LAG Q + P60 D130;22
5030031520-00;RULLO TRANSPALLET LAG ART.1520cc D80 ;37;TRANSPALLET ROLLER LAG ART.1520cc D80 ;38
5030031529-00;RULLO TRANSPALLET LAG ART.1529cc D70;36;TRANSPALLET ROLLER LAG ART.1529cc D70;37
5030031712-00;RULLO TRANSPALLET LAG ART.1712cc D85;36;TRANSPALLET ROLLER LAG ART.1712cc D85;37
5030032301-00;RUOTA LAG ZETA + M22 ART.24001 D80 ;35;WHEEL LAG ZETA + M22 ART.24001 D80 ;35
5030032302-00;RUOTA LAG ZETA + M22 + FR ART.24001 D80;39;WHEEL LAG ZETA + M22 + FR ART.24001 D80;39
5030032303-00;RUOTA LAG ZETA + M22 ART.24101 D80;34;WHEEL LAG ZETA + M22 ART.24101 D80;34
5030032305-00;RUOTA LAG ZETA + M22 ART.24005 D100;35;WHEEL LAG ZETA + M22 ART.24005 D100;35
5030032306-00;RUOTA LAG ZETA + M20 + FR ART.23105 D100;40;WHEEL LAG ZETA + M20 + FR ART.23105 D100;40
5030032307-00;RUOTA LAG ZETA + E70 ART.7405 D82;33;WHEEL LAG ZETA + E70 ART.7405 D82;33
5030032308-00;RUOTA LAG ZETA + M22 ART.24105 D100;35;WHEEL LAG ZETA + M22 ART.24105 D100;35
5030032309-00;RUOTA LAG ZETA + M22 ART.24116 D150;35;WHEEL LAG ZETA + M22 ART.24116 D150;35
5030032310-00;RUOTA LAG ZETA + P60 ART.23853 D100;35;WHEEL LAG ZETA + P60 ART.23853 D100;35
5030032782-00;RULLINO B3x27,8G2;17;NEEDLE ROLLER B3x27,8G2;23
5030035000-00;PERNO FOLLE NUKR 35 A.2RS;25;CAM FOLLOWER NUKR 35 A.2RS;26
5030035001-00;PERNO FOLLE NUKRE 35.2RS;24;CAM FOLLOWER NUKRE 35.2RS;25
5030035260-00;BOCCOLA PAF 35260 P10;21;BUSHER PAF 35260 P10;20
5030037305-00;RUOTA LAG ZETA + E70 ART.7305 D100;34;WHEEL LAG ZETA + E70 ART.7305 D100;34
5030037307-00;RUOTA LAG ZETA + E70 + FV ART.7305 D100;39;WHEEL LAG ZETA + E70 + FV ART.7305 D100;39
5030037355-00;RUOTA LAG ZETA + E70 ART.7355 D100;34;WHEEL LAG ZETA + E70 ART.7355 D100;34
5030040260-00;BOCCOLA PAF 40260 P10;21;BUSHER PAF 40260 P10;20
5030085100-00;BOCCOLA MB 85100 DU BRONZO;26;BUSHER MB 85100 DU BRONZE;25
5030100135-00;GABBIA ASSIALE RULLINI AXK 100135;33;CAGE THRUST NEEDLE ROLLER AXK 100135;36
5030100136-00;RALLA CUSC. ASS. RULLI-RULLINI LS 100135;40;WASHER C/N ROLLER THR-BEARING LS 100135;39
5030100137-00;RALLA CUSC. ASS. RULLINI AS 100135;34;WASHER N. ROLLER THR-BEARING AS 100135;38
5030100138-00;RALLA CUSC. ASS. RULLINI CP 1.5 100 135;39;WASHER N. ROLLER THR-BEARING CP1.5100135;40
5030112026-00;RALLA CUSC. ASS. RULLI-RULLINI LS 1226;38;WASHER C/N ROLLER THR-BEARING LS 1226;37
5030112120-00;BOCCOLA PAF 12120 P11;21;BUSHER PAF 12120 P11;20
5030120155-00;GABBIA ASSIALE RULLINI AXK 120155;33;CAGE THRUST NEEDLE ROLLER AXK 120155;36
5030120156-00;RALLA CUSC. ASS. RULLI-RULLINI LS 120155;40;WASHER C/N ROLLER THR-BEARING LS 120155;39
5030120157-00;RALLA CUSC. ASS. RULLINI AS 120155;34;WASHER N. ROLLER THR-BEARING AS 120155;38
5030120158-00;RALLA CUSC. ASS. RULLINI CP 1.5 120 155;39;WASHER N. ROLLER THR-BEARING CP1.5120155;40
5030122206-00;CUSCINETTO ORIENT. RULLI 22205/20 E;35;SPHERICAL ROLLER BEARING 22205/20 E;35
5030122207-00;CUSCINETTO ORIENT. RULLI 22207 E;32;SPHERICAL ROLLER BEARING 22207 E;32
5030140180-00;GABBIA ASSIALE RULLINI AXK 140180;33;CAGE THRUST NEEDLE ROLLER AXK 140180;36
5030140181-00;RALLA CUSC. ASS. RULLI-RULLINI LS 140180;40;WASHER C/N ROLLER THR-BEARING LS 140180;39
5030140182-00;RALLA CUSC. ASS. RULLINI AS 140180;34;WASHER N. ROLLER THR-BEARING AS 140180;38
5030141510-00;BOCCOLA PAP 1415 P10 USARE 5030001415-00;40;BUSHER PAP 1415 P10 REPL. 5030001415-00;39
5030142128-00;CUSCINETTO SFERA LINEARE KH14-PPN;33;LINEAR BALL BEARING KH14-PPN;28
5030142129-00;ALBERO METRICO W14X965/H6N;26;METRIC SHAFT W14X965/H6N;24
5030201010-00;BOCCOLA PAP 2010 P10;20;BUSHER PAP 2010 P10;19
5030202010-00;BOCCOLA PAP 2020 P10;20;BUSHER PAP 2020 P10;19
5030203245-00;CUSCINETTO SFERA LINEARE INA KN 2045 PP;39;LINEAR BALL BEARING INA KN 2045 PP;34
5030203645-00;CUSCINETTO SFERA LINEARE INA KBO 2045 PP;40;LINEAR BALL BEARING INA KBO 2045 PP;35
5030220022-00;PERNO FOLLE KR 22 PP;20;CAM FOLLOWER KR 22 PP;21
5030220023-00;PERNO FOLLE KR 22 PP;20;CAM FOLLOWER KR 22 PP;21
5030220100-00;BOCCOLA PAP 220100 P10;22;BUSHER PAP 220100 P10;21
5030220222-00;PERNO FOLLE KRE 22 PP;21;CAM FOLLOWER KRE 22 PP;22
5030220223-00;PERNO FOLLE KRE 22 PP;21;CAM FOLLOWER KRE 22 PP;22
5030231216-00;BOCCOLA BGL12C1816 BRONZO;25;BUSHER BGL12C1816 BRONZE;24
5030231230-00;BOCCOLA BGL12C1830 BRONZO;25;BUSHER BGL12C1830 BRONZE;24
5030254058-00;CUSCINETTO SFERA LINEARE INA KN 2558 PP;39;LINEAR BALL BEARING INA KN 2558 PP;34
5030254246-00;BUSSOLA SCORRIMENTO FSL 25x42x46;32;GUIDE BUSHING FSL 25x42x46;26
5030260001-00;BOCCOLA A STRISCIAMENTO IGUS;28;BUSHER IGUS;11
5030300001-00;INGRASSATORE INA NIP-A1;23;GREASE FITTING INA NIP-A1;25
5030300002-00;INGRASSATORE INA NIP-A2;23;GREASE FITTING INA NIP-A2;25
5030300015-00;ROTELLA A RULLI  NATV 15 PPXA;29;SUPPORT ROLLERS NATV 15 PPXA;28
5030300016-00;PERNO FOLLE KR 16 PP;20;CAM FOLLOWER KR 16 PP;21
5030300019-00;PERNO FOLLE KR 19 PP;20;CAM FOLLOWER KR 19 PP;21
5030300020-00;ROTELLA A RULLI NATV 20;23;SUPPORT ROLLER NATV 20;22
5030300030-00;PERNO FOLLE KR 30;17;CAM FOLLOWER KR 30;18
5030300032-00;ROTELLA A RULLI NATV 12;23;SUPPORT ROLLER NATV 12;22
5030300033-00;CUSCINETTO TRASP. MISUMI DR-30-B3-10.5;38;BEARING MISUMI DR-30-B3-10.5;28
5030300035-00;PERNO FOLLE KR 35 PP;20;CAM FOLLOWER KR 35 PP;21
5030300047-00;PERNO FOLLE KR 47;17;CAM FOLLOWER KR 47;18
5030300052-00;PERNO FOLLE KR 52;17;CAM FOLLOWER KR 52;18
5030300080-00;PERNO FOLLE KR 80 PP;20;CAM FOLLOWER KR 80 PP;21
5030300116-00;PERNO FOLLE KR 16;17;CAM FOLLOWER KR 16;18
5030300117-00;PERNO FOLLE KRV 16 PP;21;CAM FOLLOWER KRV 16 PP;22
5030300119-00;PERNO FOLLE KRV 19 PP;21;CAM FOLLOWER KRV 19 PP;22
5030300122-00;PERNO FOLLE KRV 22 PP;21;CAM FOLLOWER KRV 22 PP;22
5030300130-00;PERNO FOLLE KRV 30 PP.2RS;25;CAM FOLLOWER KRV 30 PP.2RS;26
5030300147-00;PERNO FOLLE NUKR 47 A;21;CAM FOLLOWER NUKR 47 A;22
5030300152-00;PERNO FOLLE KRV 52 PP;21;CAM FOLLOWER KRV 52 PP;22
5030300162-00;PERNO FOLLE KRV 62 PP;21;CAM FOLLOWER KRV 62 PP;22
5030300216-00;PERNO FOLLE KRE 16 PP.2RS;25;CAM FOLLOWER KRE 16 PP.2RS;26
5030300226-00;ROTELLA A RULLI NA 22/6.2RSX;28;SUPPORT ROLLER NA 22/6.2RSX;27
5030300228-00;ROTELLA A RULLI NA 22/8.2RS;27;SUPPORT ROLLER NA 22/8.2RS;26
5030300230-00;PERNO FOLLE KRE 30 PP;21;CAM FOLLOWER KRE 30 PP;22
5030300240-00;PERNO FOLLE NUKRE 40 A;22;CAM FOLLOWER NUKRE 40 A;23
5030300247-00;PERNO FOLLE NUKRE 47 A.2RS;26;CAM FOLLOWER NUKRE 47 A.2RS;27
5030300252-00;PERNO FOLLE KRE 52 PP;21;CAM FOLLOWER KRE 52 PP;22
5030300253-00;BUSSOLA ECC. BE20 PER NUKR 52.2SK;33;ECCENTRIC BUSHING. BE20 PER NUKR 52.2SK;39
5030300280-00;PERNO FOLLE NUKRE 80 A;22;CAM FOLLOWER NUKRE 80 A;23
5030302203-00;ROTELLA A RULLI NA 2203.2RS;27;SUPPORT ROLLER NA 2203.2RS;26
5030305207-00;ROTELLA A SFERA 305807 C-2Z;27;CAM ROLLER 305807 C-2Z;22
5030305301-00;ROTELLA SISTEMA LINEARE LFR 5301 KDD;36;TRACK ROLLER LFR 5301 KDD;25
5030305702-00;ROTELLA A SFERA 305702 C-2Z;27;CAM ROLLER 305702 C-2Z;22
5030325098-00;RULLINI NRB 2,5x9,8G2;21;NEEDLE ROLLER NRB 2,5x9,8G2;27
5030354017-00;ANELLO INTERNO IR 35x40x17;26;INNER RING IR 35x40x17;22
5030354030-00;ANELLO INTERNO IR 35x40x30;26;INNER RING IR 35x40x30;22
5030361200-00;ROTELLA A SFERA 361200 R;24;CAM ROLLER 361200 R;19
5030361204-00;ROTELLA A SFERA 361204 R;24;CAM ROLLER 361204 R;19
5030406280-00;CUSCINETTO SFERA LINEARE INA KBS40-PP;37;LINEAR BALL BEARING INA KBS40-PP;32
5030500001-00;ROTELLA A RULLI NATR 25;23;SUPPORT ROLLER NATR 25;22
5030500002-00;RULLO GUIDA FIANCHI DIRITTI PFVR 35;35;GUIDE ROLLER PFVR 35;20
5030607060-00;BOCCOLA LISCA BRONZO PSM 607060 A51;35;BUSHER BRONZE PSM 607060 A51;28
5030809025-00;ANELLO INTERNO IR 80x90x25;26;INNER RING IR 80x90x25;22
5030809030-00;ANELLO INTERNO IR 80x90x30;26;INNER RING IR 80x90x30;22
5031000000-00;CUSCINETTO RULLINI NK 42/30;27;NEEDLE ROLLER BEARING NK 42/30;30
5031002520-00;CUSCINETTO RULLINI HK 2520.2RS;30;NEEDLE ROLLER BEARING HK 2520.2RS;33
5031013125-00;ANELLO INTERNO LR 10x13x12,5;28;INNER RING LR 10x13x12,5;24
5032000000-00;CUSCINETTO RULLINI NA 4904;26;NEEDLE ROLLER BEARING NA 4904;29
5033000000-00;CUSCINETTO RULLINI K 5x8x8 TN;29;NEEDLE ROLLER BEARING K 5x8x8 TN;32
5034000000-00;CUSCINETTO RULLINI HK 1616;26;NEEDLE ROLLER BEARING HK 1616;29
5034000001-00;CUSCINETTO RULLINI HK 1010A;27;NEEDLE ROLLER BEARING HK 1010A;30
5035000000-00;CUSCINETTO RULLINI NK 12/16;27;NEEDLE ROLLER BEARING NK 12/16;30
5036000000-00;CUSCINETTO COMB. RULLINI-SFERA NKX 35;37;COMB. N-ROLLER/THRUST B-BEARING NKX 35;38
5037000000-00;CUSCINETTO RULLINI NK 42/20;27;NEEDLE ROLLER BEARING NK 42/20;30
5038000000-00;CUSCINETTO RULLINI HK 1210;26;NEEDLE ROLLER BEARING HK 1210;29
5039000000-00;CUSCINETTO RULLINI HK 1816;26;NEEDLE ROLLER BEARING HK 1816;29
5040000000-00;CUSCINETTO RULLINI HK 1614RS;28;NEEDLE ROLLER BEARING HK 1614RS;31
5040202520-00;ANELLO INTERNO IR 20x25x20;26;INNER RING IR 20x25x20;22
5040323730-00;ANELLO INTERNO IR 32x37x30;26;INNER RING IR 32x37x30;22
5040354022-00;ANELLO INTERNO USARE 9305194059-00;34;INNER RING USARE 9305194059-00;30
5041000000-00;ANELLO INTERNO IR 12x16x20;26;INNER RING IR 12x16x20;22
5042000000-00;CUSCINETTO COMB. RULLINI-SFERA NKX 50 Z;39;COMB. N-ROLLER/THRUST B-BEARING NKX 50 Z;40
5042000001-00;CUSCINETTO COMB. RULLINI-SFERA NKX 60;37;COMB. N-ROLLER/THRUST B-BEARING NKX 60;38
5042000020-00;CUSCINETTO COMB. RULLINI-SFERA NX 20 Z;38;COMB. N-ROLLER/THRUST B-BEARING NX 20 Z;39
5042005906-00;CUSCINETTO COMB. RULLINI-SFERA NKIB 5906;40;COMB. N-ROLLER/THR  B-BEARING NKIB 5906;39
5042005910-00;CUSCINETTO COMB. RULLINI-SFERA NKIB 5910;40;COMB. N-ROLLER/THR  B-BEARING NKIB 5910;39
5043000000-00;CUSCINETTO RULLINI NKI 35/20 TN;31;NEEDLE ROLLER BEARING NKI 35/20 TN;34
5043004020-00;CUSCINETTO RULLINI NK 40/20 TN;30;NEEDLE ROLLER BEARING NK 40/20 TN;33
5044000000-00;ANELLO INTERNO IR 30x35x20;26;INNER RING IR 30x35x20;22
5045000000-00;ANELLO INTERNO IR 45x50x25;26;INNER RING IR 45x50x25;22
5046000000-00;CUSCINETTO RULLINI HK 1212;26;NEEDLE ROLLER BEARING HK 1212;29
5046000509-00;CUSCINETTO RULLINI HK 0509;26;NEEDLE ROLLER BEARING HK 0509;29
5046001216-00;CUSCINETTO RULLINI HK 1216.2RS;30;NEEDLE ROLLER BEARING HK 1216.2RS;33
5047000000-00;CUSCINETTO RULLINI HK 3016;26;NEEDLE ROLLER BEARING HK 3016;29
5048000000-00;CUSCINETTO RULLINI HK 2518 RS;29;NEEDLE ROLLER BEARING HK 2518 RS;32
5048002020-00;CUSCINETTO RULLINI HK 2020.2RS;30;NEEDLE ROLLER BEARING HK 2020.2RS;33
5049000000-00;CUSCINETTO RULLINI HK 2220;26;NEEDLE ROLLER BEARING HK 2220;29
5050000000-00;ANELLO INTERNO IR 45x50x35;26;INNER RING IR 45x50x35;22
5050000001-00;ANELLO INTERNO IR 70x80x54;26;INNER RING IR 70x80x54;22
5050000002-00;ANELLO INTERNO IR 40x48x40;26;INNER RING IR 40x48x40;22
5050000003-00;ANELLO INTERNO IR 80x90x54;26;INNER RING IR 80x90x54;22
5050000004-00;ANELLO INTERNO IR 45x52x40;26;INNER RING IR 45x52x40;22
5050000005-00;ANELLO INTERNO IR 30x35x32;26;INNER RING IR 30x35x32;22
5050000006-00;ANELLO INTERNO IR 32x37x30;26;INNER RING IR 32x37x30;22
5050000007-00;ANELLO INTERNO IR 35x40x22;26;INNER RING IR 35x40x22;22
5050000008-00;ANELLO INTERNO IR 30x35x30;26;INNER RING IR 30x35x30;22
5050000009-00;ANELLO INTERNO IR 55x60x25;26;INNER RING IR 55x60x25;22
5050000010-00;ANELLO INTERNO IR 28x32x17;26;INNER RING IR 28x32x17;22
5050000011-00;ANELLO INTERNO IR 20x25x20;26;INNER RING IR 20x25x20;22
5050000012-00;ANELLO INTERNO IR 65x75x28;26;INNER RING IR 65x75x28;22
5050000013-00;ANELLO INTERNO IR 17x20x16,5;28;INNER RING IR 17x20x16,5;24
5050000014-00;ANELLO INTERNO LR 17x20x16,5;28;INNER RING LR 17x20x16,5;24
5050000015-00;ANELLO INTERNO IR 40x45x17;26;INNER RING IR 40x45x17;22
5050000016-00;ANELLO INTERNO IR 40x45x20;26;INNER RING IR 40x45x20;22
5050001215-00;ANELLO INTERNO IR 12x15x12,5;28;INNER RING IR 12x15x12,5;24
5050001331-00;GUARNIZIONE CAPSULA METALLO 1331-730-50;39;BOSCH SEAL 1331-730-50;22
5050008012-00;ANELLO INTERNO IR 8x12x10;25;INNER RING IR 8x12x10;21
5050010013-00;ANELLO INTERNO IR 10x13x12,5;28;INNER RING IR 10x13x12,5;24
5050035040-00;ANELLO INTERNO IR 35x40x40;26;INNER RING IR 35x40x40;22
5050121512-00;ANELLO INTERNO IR 12x15x12;26;INNER RING IR 12x15x12;22
5050121616-00;ANELLO INTERNO IR 12x16x16;26;INNER RING IR 12x16x16;22
5051000022-00;PERNO FOLLE KR 22 X;19;CAM FOLLOWER KR 22 X;20
5052000000-00;CUSCINETTO AX7/S687GRW;22;BEARING AX7/S687GRW;19
5053000000-00;BOCCOLA PORTASFERA SUSTAN T7130;31;BEARING,CAGE SUSTAN T7130;25
5053102200-00;SFERA PORTANTE BOSCH 0531-022-00;32;BALL TRANSFER UNIT BOSCH 0531-022-00;36
5053371200-00;SFERA PORTANTE BOSCH 0533-712-00;32;BALL TRANSFER UNIT BOSCH 0533-712-00;36
5053512210-00;SFERA PORTANTE BOSCH 0535-122-10;32;BALL TRANSFER UNIT BOSCH 0535-122-10;36
5053523010-00;SFERA PORTANTE BOSCH 0535-230-10;32;BALL TRANSFER UNIT BOSCH 0535-230-10;36
5053611510-00;SFERA PORTANTE BOSCH 0536-115-10;32;BALL TRANSFER UNIT BOSCH 0536-115-10;36
5053612210-00;SFERA PORTANTE BOSCH 0536-122-10;32;BALL TRANSFER UNIT BOSCH 0536-122-10;36
5060000000-00;UNITÀ CUSCINETTO SFERA FYJ 50 TF;32;BALL BEARING UNIT FYJ 50 TF;27
5060000001-00;UNITÀ CUSCINETTO SFERA PFT 35 FM;32;BALL BEARING UNIT PFT 35 FM;27
5060000010-00;UNITÀ CUSCINETTO SFERA SYJ 55 TF;32;BALL BEARING UNIT SYJ 55 TF;27
5060000012-00;UNITÀ CUSCINETTO SFERA SYJ 25 TF;32;BALL BEARING UNIT SYJ 25 TF;27
5060000020-00;COLLARE DOPPIO D12 COMPLETO;27;DOUBLE COLLAR D12 COMPLETO;26
5060000025-00;UNITÀ CUSCINETTO SFERA SYF 25 TF;32;BALL BEARING UNIT SYF 25 TF;27
5060000040-00;UNITÀ CUSCINETTO SFERA PF 40 RM;31;BALL BEARING UNIT PF 40 RM;26
5060000045-00;UNITÀ CUSCINETTO SFERA PF 45 RM;31;BALL BEARING UNIT PF 45 RM;26
5060000046-00;UNITÀ CUSCINETTO SFERA INA PASEY50-N;36;BALL BEARING UNIT INA PASEY50-N;31
5060000047-00;UNITÀ CUSCINETTO SFERA SYF 40 TF;32;BALL BEARING UNIT SYF 40 TF;27
5061000000-00;UNITÀ CUSCINETTO SFERA PF 30 TF;31;BALL BEARING UNIT PF 30 TF;26
5061000001-00;UNITÀ CUSCINETTO SFERA SYJ 40 TF;32;BALL BEARING UNIT SYJ 40 TF;27
5061000002-00;UNITÀ CUSCINETTO SFERA PF 35 TF;31;BALL BEARING UNIT PF 35 TF;26
5061000003-00;FLANGIA UNITÀ CUSCINETTO SFERA PF 72;36;ROUND FLANGED BALL BEARING UNIT PF 72;37
5062000000-00;CUSCINETTO TIPO JAS 18 RS 18;28;BEARING TIPO JAS 18 RS 18;25
5063000000-00;TESTA SNODO SFERICO SKF SAKAC 16 M;34;ROD END SKF SAKAC 16 M;22
5063000001-00;TESTA SNODO SFERICO SKF SAKAC 20 M;34;ROD END SKF SAKAC 20 M;22
5063000002-00;TESTA SNODO SFERICO RODOBAL RM 16 S;35;ROD END RODOBAL RM 16 S;23
5063000003-00;TESTA SNODO SFERICO SKF SAKAC 8 M;33;ROD END SKF SAKAC 8 M;21
5063000004-00;TESTA SNODO SFERICO SKF SA 8 C;30;ROD END SKF SA 8 C;18
5063000005-00;TESTA SNODO SFERICO SKF SAKAC 12 M;34;ROD END SKF SAKAC 12 M;22
5063000006-00;TESTA SNODO SFERICO INA GAR20-DO;32;ROD END INA GAR20-DO;20
5063000007-00;TESTA SNODO SFERICO INA GAL20-DO;32;ROD END INA GAL20-DO;20
5063000008-00;TESTA SNODO SFERICO SKF SIKAC 25 M;34;ROD END SKF SIKAC 25 M;22
5063000009-00;SNODO SFERICO RADIALE SKF GEH 25 C;34;RADIAL SPHERICAL P-BEARING SKF GEH 25 C;39
5063000010-00;SNODO SFERICO RADIALE SKF GE 25 C;33;RADIAL SPHERICAL P-BEARING SKF GE 25 C;38
5063000011-00;TESTA SNODO SFERICO CAMOZZI GA-40;33;ROD END CAMOZZI GA-40;21
5063000012-00;SNODO SFERICO RADIALE SKF GEH 12 C;34;RADIAL SPHERICAL P-BEARING SKF GEH 12 C;39
5063000013-00;TESTA SNODO SFERICO CAMOZZI GA-50;33;ROD END CAMOZZI GA-50;21
5063000014-00;TESTA SNODO SFERICO BOSCH CGKA 25;33;ROD END BOSCH CGKA 25;21
5063000015-00;TESTA SNODO SFERICO BOSCH CGKA 16;33;ROD END BOSCH CGKA 16;21
5063000016-00;TESTA SNODO SFERICO SKF SIQG 16 ES;34;ROD END SKF SIQG 16 ES;22
5063000017-00;TESTA SNODO SFERICO SKF SIQG 12 ESA;35;ROD END SKF SIQG 12 ESA;23
5063000018-00;TESTA SNODO SFERICO BOSCH CGKA 60;33;ROD END BOSCH CGKA 60;21
5063000019-00;TESTA SNODO SFERICO SKF SALKAC 16 M;35;ROD END SKF SALKAC 16 M;23
5063000020-00;TESTA SNODO SFERICO SKF SIKB 20 F;33;ROD END SKF SIKB 20 F;21
5063000021-00;TESTA SNODO SFERICO RODOBAL RM 8 X;34;ROD END RODOBAL RM 8 X;22
5063000022-00;TESTA SNODO SFERICO AURORA AM-M8T;33;ROD END AURORA AM-M8T;21
5063000025-00;TESTA SNODO SFERICO SKF SIQG 25 ES;34;ROD END SKF SIQG 25 ES;22
5063000030-00;SNODO SFERICO RADIALE SKF GE 30 ES-2RS;38;RADIAL SPHER. P-BEARING SKF GE 30 ES-2RS;40
5063000050-00;TESTA SNODO SFERICO RODOBAL RM 5;32;ROD END RODOBAL RM 5;20
5063000060-00;TESTA SNODO SFERICO RODOBAL RM 6;32;ROD END RODOBAL RM 6;20
5063000080-00;TESTA SNODO SFERICO RODOBAL RM 8;32;ROD END RODOBAL RM 8;20
5063000100-00;TESTA SNODO SFERICO RODOBAL RM 10 X;35;ROD END RODOBAL RM 10 X;23
5063000120-00;TESTA SNODO SFERICO RODOBAL RM 12 X;35;ROD END RODOBAL RM 12 X;23
5063000125-00;TESTA SNODO SFERICO RODOBAL RM 12 ;34;ROD END RODOBAL RM 12 ;22
5063000160-00;TESTA SNODO SFERICO RODOBAL RM 16 X;35;ROD END RODOBAL RM 16 X;23
5063000161-00;TESTA SNODO SFERICO RODOBAL RM 16x1,5;37;ROD END RODOBAL RM 16x1,5;25
5063000162-00;TESTA SNODO SFERICO RODOBAL RM 20 X;35;ROD END RODOBAL RM 20 X;23
5063000163-00;TESTA SNODO SFERICO RODOBAL RF 16x1,5;37;ROD END RODOBAL RF 16x1,5;25
5063012125-00;GIUNTO ASSIALE x CIL. RBA M12x1,25;34;AXIAL JOINT RBA M12x1,25;24
5064000000-00;TESTA SNODO SFERICO SKF SALKAC 16 M;35;ROD END SKF SALKAC 16 M;23
5065000000-00;UNITÀ CUSCINETTO SFERA SYJ 50 TF;32;BALL BEARING UNIT SYJ 50 TF;27
5065000001-00;UNITÀ CUSCINETTO SFERA PFT 17 TF;32;BALL BEARING UNIT PFT 17 TF;27
5065000002-00;UNITÀ CUSCINETTO SFERA PF 35 RM;31;BALL BEARING UNIT PF 35 RM;26
5065000003-00;UNITÀ CUSCINETTO SFERA P 25 RM;30;BALL BEARING UNIT P 25 RM;25
5065000004-00;UNITÀ CUSCINETTO SFERA PFT 20 TF;32;BALL BEARING UNIT PFT 20 TF;27
5065000005-00;UNITÀ CUSCINETTO SFERA UCFK 204;31;BALL BEARING UNIT UCFK 204;26
5065000006-00;SUPPORTO CUSCINETTO SNL 216;27;BEARING HOUSING SNL 216;23
5065000007-00;SUPPORTO CUSCINETTO SNL 516-613;31;BEARING HOUSING SNL 516-613;27
5065000008-00;SUPPORTO CUSCINETTO SNL 513-611;31;BEARING HOUSING SNL 513-611;27
5065000009-00;SUPPORTO CUSCINETTO SNL 518-615;31;BEARING HOUSING SNL 518-615;27
5065000010-00;UNITÀ CUSCINETTO SFERA SY 55 TF;31;BALL BEARING UNIT SY 55 TF;26
5065000011-00;UNITÀ CUSCINETTO SFERA SYNT 45 F;32;BALL BEARING UNIT SYNT 45 F;27
5065000201-00;UNITÀ CUSCINETTO SFERA PFT 12 TF;32;BALL BEARING UNIT PFT 12 TF;27
5065112020-00;INSERTO CUSCINETTO RHP SELF-LUBE 1120-20;40;SELF LUBE BEARING INSERT RHP 1120-20;36
5065115050-00;INSERTO CUSCINETTO RHP SELF-LUBE 1150-50;40;SELF LUBE BEARING INSERT RHP 1150-50;36
5066000000-00;UNITÀ CUSCINETTO SFERA UCFL 212;31;BALL BEARING UNIT UCFL 212;26
5067000000-00;UNITÀ CUSCINETTO SFERA FYTB 50 TF;33;BALL BEARING UNIT FYTB 50 TF;28
5067000001-00;UNITÀ CUSCINETTO SFERA UCFL 211/H;33;BALL BEARING UNIT UCFL 211/H;28
5068000000-00;UNITÀ CUSCINETTO SFERA PFT 25 TF;32;BALL BEARING UNIT PFT 25 TF;27
5068000001-00;UNITÀ CUSCINETTO SFERA FYTJ 25 TF;33;BALL BEARING UNIT FYTJ 25 TF;28
5068000002-00;UNITÀ CUSCINETTO SFERA FYTJ 20 TF;33;BALL BEARING UNIT FYTJ 20 TF;28
5068000003-00;UNITÀ CUSCINETTO SFERA FYTJ 40 TF;33;BALL BEARING UNIT FYTJ 40 TF;28
5068000004-00;UNITÀ CUSCINETTO SFERA FYTJ 45 TF;33;BALL BEARING UNIT FYTJ 45 TF;28
5068000005-00;UNITÀ CUSCINETTO SFERA FYTJ 30 TF;33;BALL BEARING UNIT FYTJ 30 TF;28
5068000006-00;SOSTITUITO DA 5030000035-00;27;REPLACED 5030000035-00;22
5068000007-00;UNITÀ CUSCINETTO SFERA SYF 30 TF;32;BALL BEARING UNIT SYF 30 TF;27
5068000008-00;UNITÀ CUSCINETTO SFERA FYC 30 TF;32;BALL BEARING UNIT FYC 30 TF;27
5068000009-00;UNITÀ CUSCINETTO SFERA FYTJ 35 TF;33;BALL BEARING UNIT FYTJ 35 TF;28
5068000010-00;UNITÀ CUSCINETTO SFERA PFT 35 TF;32;BALL BEARING UNIT PFT 35 TF;27
5068000011-00;FLANGIA UNITÀ CUSCINETTO SFERA PFT 52;37;OVAL FLANGED BALL BEARING UNIT PFT 52;37
5068000012-00;UNITÀ CUSCINETTO SFERA FYC 30 TF;32;BALL BEARING UNIT FYC 30 TF;27
5068003001-00;UNITÀ CUSCINETTO SFERA NP30 (RHP);33;BALL BEARING UNIT NP30 (RHP);28
5068003002-00;UNITÀ CUSCINETTO SFERA SF30 (RHP);33;BALL BEARING UNIT SF30 (RHP);28
5068003500-00;UNITÀ CUSCINETTO SFERA FYJ 25 TF;32;BALL BEARING UNIT FYJ 25 TF;27
5068003501-00;UNITÀ CUSCINETTO SFERA FYC 35 TF;32;BALL BEARING UNIT FYC 35 TF;27
5068003502-00;UNITÀ CUSCINETTO SFERA FYC 35 TF;32;BALL BEARING UNIT FYC 35 TF;27
5068003503-00;UNITÀ CUSCINETTO SFERA FYJ 80 TF;32;BALL BEARING UNIT FYJ 80 TF;27
5068003504-00;UNITÀ CUSCINETTO SFERA FYC 50 TF;32;BALL BEARING UNIT FYC 50 TF;27
5068003505-00;UNITÀ CUSCINETTO SFERA FYC 35 TF;32;BALL BEARING UNIT FYC 35 TF;27
5068006001-00;UNITÀ CUSCINETTO SFERA FYC 60 TF;32;BALL BEARING UNIT FYC 60 TF;27
5068006002-00;UNITÀ CUSCINETTO SFERA UCF 206 ASAHI;36;BALL BEARING UNIT UCF 206 ASAHI;31
5069000000-00;TESTA SNODO SFERICO SKF SAKAC 10 M;34;ROD END SKF SAKAC 10 M;22
5069000003-00;FLANGETTE RHP SLFL2 FLAB (GROUP 2);34;HOUSING RHP SLFL2 FLAB (GROUP 2);32
5070000000-00;UNITÀ CUSCINETTO SFERA FYJ 60 TF;32;BALL BEARING UNIT FYJ 60 TF;27
5070006205-00;ANELLO TENUTA NILOS 6205 AV;27;NILOS RING 6205 AV;18
5070030203-00;ANELLO TENUTA NILOS 30203 JV;28;NILOS RING 30203 JV;19
5070202620-00;BOCCOLE AUTOLUBR. D20x26x15;27;WHASER D20x26x15;16
5071003205-00;ANELLO TENUTA NILOS 3205 JV;27;NILOS RING 3205 JV;18
5071004204-00;ANELLO TENUTA NILOS 4204 AV;27;NILOS RING 4204 AV;18
5071006001-00;ANELLO TENUTA NILOS 6001 AV;27;NILOS RING 6001 AV;18
5071006008-00;ANELLO TENUTA NILOS 6008 ZAV;28;NILOS RING 6008 ZAV;19
5071006012-00;ANELLO TENUTA NILOS 6012 ZAV;28;NILOS RING 6012 ZAV;19
5071006201-00;ANELLO TENUTA NILOS 6201 JV;27;NILOS RING 6201 JV;18
5071006203-00;ANELLO TENUTA NILOS 6203-ZAV;28;NILOS RING 6203-ZAV;19
5071006204-00;ANELLO TENUTA NILOS 6204 JV;27;NILOS RING 6204 JV;18
5071006206-00;ANELLO TENUTA NILOS 6206 JY;27;NILOS RING 6206 JY;18
5071007205-00;ANELLO TENUTA NILOS 7205 AVH;28;NILOS RING 7205 AVH;19
5071016206-00;ANELLO TENUTA NILOS 6206 AV;27;NILOS RING 6206 AV;18
5071017205-00;ANELLO TENUTA NILOS 7205 JVG;28;NILOS RING 7205 JVG;19
5071031305-00;ANELLO TENUTA NILOS 31305 JV;28;NILOS RING 31305 JV;19
5071061928-00;ANELLO TENUTA NILOS 61928 AV;28;NILOS RING 61928 AV;19
5081000016-00;ANELLO DI ARRESTO ALBERO WR16;29;RETAINING RING WR16;19
5081000017-00;ANELLO DI ARRESTO ALBERO WR17;29;RETAINING RING WR17;19
5081000022-00;ANELLO DI ARRESTO ALBERO WR22;29;RETAINING RING WR22;19
5081000025-00;ANELLO DI ARRESTO ALBERO WR25;29;RETAINING RING WR25;19
5081000026-00;ANELLO DI ARRESTO FORO BR26;27;RETAINING RING BR26;19
5081000028-00;ANELLO DI ARRESTO FORO BR28;27;RETAINING RING BR28;19
5081000030-00;ANELLO DI ARRESTO ALBERO WR30;29;RETAINING RING WR30;19
5081000032-00;ANELLO DI ARRESTO FORO BR32;27;RETAINING RING BR32;19
5081000034-00;ANELLO DI ARRESTO FORO BR35;27;RETAINING RING BR35;19
5081000035-00;ANELLO DI ARRESTO ALBERO WR35;29;RETAINING RING WR35;19
5081000037-00;ANELLO DI ARRESTO FORO BR37;27;RETAINING RING BR37;19
5081000038-00;ANELLO DI ARRESTO FORO BR38;27;RETAINING RING BR38;19
5081000039-00;ANELLO DI ARRESTO FORO BR39;27;RETAINING RING BR39;19
5081000042-00;ANELLO DI ARRESTO FORO BR42;27;RETAINING RING BR42;19
5081000044-00;ANELLO DI ARRESTO ALBERO WR44;29;RETAINING RING WR44;19
5081000045-00;ANELLO DI ARRESTO ALBERO WR45;29;RETAINING RING WR45;19
5081000047-00;ANELLO DI ARRESTO FORO BR47;27;RETAINING RING BR47;19
5081000050-00;ANELLO DI ARRESTO FORO BR50;27;RETAINING RING BR50;19
5081000052-00;ANELLO DI ARRESTO FORO BR52;27;RETAINING RING BR52;19
5081000055-00;ANELLO DI ARRESTO FORO BR55;27;RETAINING RING BR55;19
5081000062-00;ANELLO DI ARRESTO FORO BR62;27;RETAINING RING BR62;19
5081000068-00;ANELLO DI ARRESTO FORO BR68;27;RETAINING RING BR68;19
5081000070-00;ANELLO DI ARRESTO ALBERO WR70;29;RETAINING RING WR70;19
5081000072-00;ANELLO DI ARRESTO FORO BR72;27;RETAINING RING BR72;19
5081000073-00;ANELLO DI ARRESTO ALBERO WR73;29;RETAINING RING WR73;19
5081000090-00;ANELLO DI ARRESTO ALBERO WR90;29;RETAINING RING WR90;19
5081000095-00;ANELLO DI ARRESTO FORO BR95;27;RETAINING RING BR95;19
5081000100-00;ANELLO DI ARRESTO FORO BR100;28;RETAINING RING BR100;20
5081000110-00;ANELLO DI ARRESTO FORO BR110;28;RETAINING RING BR110;20
5081000200-00;TRIPLETTA ANELLO HIRTH TEDISA;29;HAT-TRICK RING HIRTH TEDISA;27
5081000201-00;TRIPLETTA ANELLO HIRTH VOITH;28;HAT-TRICK RING HIRTH VOITH;26
5081002001-00;ANELLO COMPENSATORE 0810-020-01;31;RING COMPENSER 0810-020-01;26
5081003605-00;ANELLO COMPENSATORE 0810-036-05;31;RING COMPENSER 0810-036-05;26
5081004501-00;ANELLO COMPENSATORE 0810-045-01;31;RING COMPENSER 0810-045-01;26
5081100030-00;ANELLO DI ARRESTO FORO BR30;27;RETAINING RING BR30;19
5081100045-00;ANELLO DI ARRESTO FORO BR45;27;RETAINING RING BR45;19
5081100080-00;ANELLO DI ARRESTO FORO BR80;27;RETAINING RING BR80;19
5081100090-00;ANELLO DI ARRESTO FORO BR90;27;RETAINING RING BR90;19
5082000001-00;PERNO FOLLE RKY 52;18;CAM FOLLOWER RKY 52;19
5082000002-00;PERNO FOLLE RKYR 52;19;CAM FOLLOWER RKYR 52;20
5082000010-00;PERNO CONCENTRICO INA LFZ 12;28;CONCENTRIC PIN INA LFZ 12;25
5082000012-00;PERNO CONCENTRICO INA LFZ 12/M12;32;CONCENTRIC PIN INA LFZ 12/M12;29
5082000020-00;PERNO ECCENTRICO INA LFE 12-1;29;ECCENTRIC PIN INA LFE 12-1;26
5082000022-00;PERNO ECCENTRICO INA LFE 12-1/M12;33;ECCENTRIC PIN INA LFE 12-1/M12;30
5082000030-00;RASCHIATORE INA AB52;20;WIPER SEALS INA AB52;20
5082000040-00;BATTUTA FISSA INA PAH52;23;LIMIT STOP INA PAH52;20
5090000000-00;RULLO CILINDRICO FAG 3,5x15,8/G2;32;CYLINDRICAL ROLLERS FAG 3,5x15,8/G2;35
5090000001-00;RULLO CILINDRICO B3x11,8/G2;27;CYLINDRICAL ROLLERS B3x11,8/G2;30
5090000002-00;RULLO CILINDRICO RC-6x12 C;26;CYLINDRICAL ROLLERS RC-6x12 C;29
5090000003-00;RULLO CILINDRICO RC-12x12;25;CYLINDRICAL ROLLERS RC-12x12;28
5090000004-00;RULLO CILINDRICO RC-8x8 C;25;CYLINDRICAL ROLLERS RC-8x8 C;28
5090000005-00;RULLO CILINDRICO NSK 6x25;25;CYLINDRICAL ROLLERS NSK 6x25;28
5090000006-00;RULLO CILINDRICO RC 20x20 C;27;CYLINDRICAL ROLLERS RC 20x20 C;30
5090000007-00;RULLO CILINDRICO NSK 6x6;24;CYLINDRICAL ROLLERS NSK 6x6;27
5090000008-00;RULLO CILINDRICO RC-5x10 C;26;CYLINDRICAL ROLLERS RC-5x10 C;29
5090000009-00;RULLINO RN-3x9,8 BF/G2;22;NEEDLE ROLLER RN-3x9,8 BF/G2;28
5090000010-00;RULLINO RN-2x9,8 BF/G2;22;NEEDLE ROLLER RN-2x9,8 BF/G2;28
5090000011-00;RULLO CILINDRICO NSK 6x50;25;CYLINDRICAL ROLLERS NSK 6x50;28
5090000012-00;SFERA 1/2 RIV RB-12.70 IV;25;BALL 1/2 RIV RB-12.70 IV;24
5090000013-00;RULLO CILINDRICO NSK 12x18;26;CYLINDRICAL ROLLERS NSK 12x18;29
5090000014-00;SFERA 1/4 RIV RB- 6.35 IV;25;BALL 1/4 RIV RB- 6.35 IV;24
5090000018-00;SFERA 1/8 RIV RB- 3.175 IV;26;BALL 1/8 RIV RB- 3.175 IV;25
5090000020-00;SFERA D2;8;BALL D2;7
5090000025-00;SFERA 2,5 RIV RB- 2,5;21;BALL 2,5 RIV RB- 2,5;20
5090000030-00;SFERA D3;8;BALL D3;7
5090000034-00;SFERA 3/4 RIV RB-19.05 III;26;BALL 3/4 RIV RB-19.05 III;25
5090000038-00;SFERA 3/8 RIV RB- 9.525 IV;26;BALL 3/8 RIV RB- 9.525 IV;25
5090000040-00;SFERA D4 RB-4;13;BALL D4 RB-4;12
5090000060-00;SFERA D6;8;BALL D6;7
5090000078-00;SFERA 7/8 RIV RB-22,225;23;BALL 7/8 RIV RB-22,225;22
5090000079-00;SFERA 7/8 CARBURO DI TUNGSTENO;30;BALL 7/8 ;9
5090000116-00;SFERA D1/16;11;BALL D1/16;10
5090000140-00;SFERA D14;9;BALL D14;8
5090000316-00;SFERA D3/16 RIV RB- 4.762 IV;28;BALL D3/16 RIV RB- 4.762 IV;27
5090000516-00;SFERA D5/16 RIV RB- 7.938 II;28;BALL D5/16 RIV RB- 7.938 II;27
5090000532-00;SFERA D5/32 RIV RB- 3.969 IV;28;BALL D5/32 RIV RB- 3.969 IV;27
5090000732-00;SFERA D7/32 RIV RB- 5.556 IV;28;BALL D7/32 RIV RB- 5.556 IV;27
5090010000-00;RULLINO FAG B3x9,8/G2;21;NEEDLE ROLLER FAG B3x9,8/G2;27